latitude,longitude,date,sea_water_speed,current_x,current_y,id
26.1914,-97.0507,2010-12-01,12.003820225245,0.43819,-0.89888,1
26.2168,-96.4998,2010-12-01,19.40237614,-0.92205,-0.38706,3
26.2168,-96.4998,2010-12-02,5.247037259,0.92052,0.3907,3
26.2168,-96.4998,2010-12-03,4.492538258,0.49638,0.86811,3
26.2168,-96.4998,2010-12-04,31.91805759,0.97437,0.22495,3
26.2168,-96.4998,2010-12-05,20.94851307,0.76425,0.64492,3
26.2168,-96.4998,2010-12-06,5.486574523,-0.31349,0.94959,3
26.2168,-96.4998,2010-12-07,11.7803438,0.30475,-0.95243,3
26.2168,-96.4998,2010-12-08,6.843303296,0.96153,-0.27472,3
26.2168,-96.4998,2010-12-09,27.35397046,-0.9399,-0.34145,3
26.2168,-96.4998,2010-12-10,7.288689869,0.8575,-0.51449,3
26.2168,-96.4998,2010-12-11,11.53253658,0.74832,0.66334,3
26.2168,-96.4998,2010-12-12,39.52094381,0.02353,0.99972,3
26.2168,-96.4998,2010-12-13,9.378597976,-0.99588,-0.09063,3
26.2168,-96.4998,2010-12-14,31.64148069,0.97435,0.22502,3
26.2168,-96.4998,2010-12-15,31.26992964,0.93093,0.36521,3
26.2168,-96.4998,2010-12-16,35.99761381,0.99757,0.06973,3
26.2168,-96.4998,2010-12-17,44.62087696,0.91522,0.40296,3
26.2168,-96.4998,2010-12-18,23.27871345,0.83639,0.54814,3
26.2168,-96.4998,2010-12-19,21.1113074,0.97247,-0.23305,3
26.2168,-96.4998,2010-12-20,48.81193502,0.99463,-0.10345,3
26.2168,-96.4998,2010-12-21,48.76426766,0.9427,0.33365,3
26.2168,-96.4998,2010-12-22,30.91283552,0.98762,0.1569,3
26.2168,-96.4998,2010-12-23,20.42563585,0.99336,0.11505,3
26.2168,-96.4998,2010-12-24,30.09867107,0.99938,-0.03521,3
26.2168,-96.4998,2010-12-25,9.274567375,0.08626,0.99627,3
26.2168,-96.4998,2010-12-26,11.33637067,-0.91476,-0.40401,3
26.2168,-96.4998,2010-12-27,28.51990533,0.9709,0.23948,3
26.2168,-96.4998,2010-12-28,12.05461737,0.99796,-0.06387,3
26.2168,-96.4998,2010-12-29,22.65724829,0.87301,-0.4877,3
26.2168,-96.4998,2010-12-30,17.04676509,0.99667,0.08154,3
26.129,-94.898,2010-12-06,22.7,-0.52992,-0.84805,0
26.129,-94.898,2010-12-07,31.5,-0.58779,-0.80902,0
26.129,-94.898,2010-12-08,16.1,0.13917,-0.99027,0
26.129,-94.898,2010-12-09,36.9,-0.87462,-0.48481,0
26.129,-94.898,2010-12-10,37.0,-0.9205,-0.39073,0
26.129,-94.898,2010-12-11,42.0,-0.9703,0.24192,0
26.129,-94.898,2010-12-12,38.4,-0.97815,0.20791,0
26.129,-94.898,2010-12-13,20.3,-0.99939,-0.0349,0
26.129,-94.898,2010-12-14,8.7,0.29237,-0.9563,0
26.129,-94.898,2010-12-15,10.1,-0.74314,-0.66913,0
26.129,-94.898,2010-12-16,12.3,-0.25882,-0.96593,0
26.129,-94.898,2010-12-17,16.4,-0.55919,-0.82904,0
26.129,-94.898,2010-12-18,9.7,0.08716,-0.99619,0
26.129,-94.898,2010-12-19,14.6,-0.73135,-0.682,0
26.129,-94.898,2010-12-20,25.0,-0.99939,-0.0349,0
26.129,-94.898,2010-12-21,15.6,-0.99452,-0.10453,0
26.129,-94.898,2010-12-22,19.9,-0.78801,0.61566,0
26.129,-94.898,2010-12-23,23.9,-0.99255,0.12187,0
26.129,-94.898,2010-12-24,30.5,-0.13917,0.99027,0
26.129,-94.898,2010-12-25,22.6,-0.99027,0.13917,0
26.129,-94.898,2010-12-26,10.4,-0.46947,0.88295,0
26.129,-94.898,2010-12-27,14.5,-0.83867,0.54464,0
26.129,-94.898,2010-12-28,33.0,0.01745,0.99985,0
26.129,-94.898,2010-12-29,37.6,0.35837,0.93358,0
26.129,-94.898,2010-12-30,28.5,0.08716,0.99619,0
26.129,-94.898,2010-12-31,27.5,-0.12187,0.99255,0
26.208,-91.443,2010-12-01,2.3,0.98481,-0.17365,2
26.208,-91.443,2010-12-02,2.4,-0.98769,-0.15643,2
26.208,-91.443,2010-12-03,1.8,-0.82904,0.55919,2
26.208,-91.443,2010-12-04,2.8,-0.69466,0.71934,2
26.208,-91.443,2010-12-05,4.7,-0.87462,-0.48481,2
27.9396,-96.8429,2010-12-01,11.577668159003,-0.6478,-0.76181,20
27.9396,-96.8429,2010-12-02,7.999331222,0.6288,0.77757,20
27.9396,-96.8429,2010-12-03,29.9968415,-0.6294,-0.77708,20
27.9396,-96.8429,2010-12-04,16.99940293,-0.15648,-0.98768,20
27.9396,-96.8429,2010-12-05,18.00276923,0.20775,0.97818,20
27.9396,-96.8429,2010-12-06,41.00583495,-0.81915,-0.57357,20
27.9396,-96.8429,2010-12-07,37.99617086,-0.62928,-0.77718,20
27.9396,-96.8429,2010-12-08,4.996248593,-0.92069,-0.39029,20
27.9396,-96.8429,2010-12-09,41.21551771,-0.72425,-0.68954,20
27.9396,-96.8429,2010-12-10,6.051884004,-0.15367,0.98812,20
27.9396,-96.8429,2010-12-11,16.0375341,0.72829,0.68527,20
27.9396,-96.8429,2010-12-12,27.242380586138,0.59576,0.80316,20
27.9396,-96.8429,2010-12-13,6.577423508,0.93045,0.36641,20
27.9396,-96.8429,2010-12-14,19.43114253,0.78122,0.62426,20
27.9396,-96.8429,2010-12-15,45.00053,0.54466,0.83866,20
27.9396,-96.8429,2010-12-16,63.00161982,0.77712,0.62935,20
27.9396,-96.8429,2010-12-17,35.99848052,0.66919,0.74309,20
27.9396,-96.8429,2010-12-18,16.646852555363,-0.90047,-0.43492,20
27.9396,-96.8429,2010-12-19,42.8484037,-0.8026,-0.59652,20
27.9396,-96.8429,2010-12-20,33.23071471,-0.5838,-0.8119,20
27.9396,-96.8429,2010-12-21,12.63724654,-0.64097,-0.76757,20
27.9396,-96.8429,2010-12-22,17.86483137,-0.62749,-0.77862,20
27.9396,-96.8429,2010-12-23,11.36867626,-0.60869,-0.7934,20
27.9396,-96.8429,2010-12-24,40.85356428,-0.72267,-0.6912,20
27.9396,-96.8429,2010-12-25,33.5431692,-0.49161,-0.87082,20
27.9396,-96.8429,2010-12-26,7.622191286,-0.80423,-0.59431,20
27.9396,-96.8429,2010-12-27,0.693108938,-0.72139,-0.69253,20
27.9396,-96.8429,2010-12-28,16.77200048,-0.53781,-0.84307,20
27.9396,-96.8429,2010-12-29,13.12579521,-0.44417,-0.89594,20
27.9396,-96.8429,2010-12-30,7.935244168,0.85694,0.51542,20
27.8903,-94.0367,2010-12-01,16.09082036,-0.95955,-0.28152,18
27.8903,-94.0367,2010-12-02,2.968922363,-0.22904,0.97342,18
27.8903,-94.0367,2010-12-03,17.47557438,0.14535,0.98938,18
27.8903,-94.0367,2010-12-04,5.72728557,-0.63381,0.77349,18
27.8903,-94.0367,2010-12-05,21.38921223,-0.43106,0.90232,18
27.8903,-94.0367,2010-12-06,5.774738089,-0.95242,0.30478,18
27.8903,-94.0367,2010-12-07,2.880867925,-0.99623,0.08678,18
27.8903,-94.0367,2010-12-08,3.579944134,0.63688,0.77096,18
27.8903,-94.0367,2010-12-09,5.576602909,-0.49672,-0.86791,18
27.8903,-94.0367,2010-12-10,0.879829529,0.85244,0.52283,18
27.8903,-94.0367,2010-12-11,8.850367224,0.24971,0.96832,18
27.8903,-94.0367,2010-12-12,15.96950218,0.31623,0.94868,18
27.8903,-94.0367,2010-12-13,28.15916369,0.07493,0.99719,18
27.8903,-94.0367,2010-12-14,10.77136946,-0.12997,0.99152,18
27.8903,-94.0367,2010-12-15,7.570534988,0.80708,0.59045,18
27.8903,-94.0367,2010-12-16,33.08534721,0.37207,0.92821,18
27.8903,-94.0367,2010-12-17,22.19580591,0.04821,0.99884,18
27.8903,-94.0367,2010-12-18,12.07069592,-0.43991,0.89804,18
27.8903,-94.0367,2010-12-19,6.917224877,0.23709,0.97149,18
27.8903,-94.0367,2010-12-20,26.43713487,0.11877,0.99292,18
27.8903,-94.0367,2010-12-21,16.86644598,0.17372,0.9848,18
27.8903,-94.0367,2010-12-22,22.89404508,-0.10396,0.99458,18
27.8903,-94.0367,2010-12-23,9.764491794,-0.24374,0.96984,18
27.8903,-94.0367,2010-12-24,8.3542564,0.45486,0.89056,18
27.8903,-94.0367,2010-12-25,10.6425232,0.48109,0.87667,18
27.8903,-94.0367,2010-12-26,24.45425116,-0.53242,0.84648,18
27.8903,-94.0367,2010-12-27,14.48885089,-0.27745,0.96074,18
27.8903,-94.0367,2010-12-28,10.9177287,-0.26745,0.96357,18
27.8903,-94.0367,2010-12-29,11.05048868,-0.2199,0.97552,18
27.8903,-94.0367,2010-12-30,25.07611014,0.52321,0.85221,18
27.8966,-93.5973,2010-12-01,6.648496071,-0.87238,-0.48883,19
27.8966,-93.5973,2010-12-02,10.51696249,0.7217,-0.69221,19
27.8966,-93.5973,2010-12-03,8.272387805,-0.20309,-0.97916,19
27.8966,-93.5973,2010-12-04,2.33,-0.89271,-0.45064,19
27.8966,-93.5973,2010-12-05,21.43735058,-0.51312,0.85832,19
27.8966,-93.5973,2010-12-06,6.302483637,-0.88537,-0.46489,19
27.8966,-93.5973,2010-12-07,4.429051817,0.2303,-0.97312,19
27.8966,-93.5973,2010-12-08,18.1377755,0.96759,0.25251,19
27.8966,-93.5973,2010-12-09,12.92664303,0.64209,-0.76663,19
27.8966,-93.5973,2010-12-10,11.4044202,0.98909,-0.14731,19
27.8966,-93.5973,2010-12-11,9.325073726,0.889,-0.4579,19
27.8966,-93.5973,2010-12-12,10.16858397,0.35403,0.93523,19
27.8966,-93.5973,2010-12-13,7.247544412,-0.17937,0.98378,19
27.8966,-93.5973,2010-12-14,3.953150642,0.87272,0.48822,19
27.8966,-93.5973,2010-12-15,14.36235357,0.99984,0.01811,19
27.8966,-93.5973,2010-12-16,9.434007632,0.60102,0.79924,19
27.8966,-93.5973,2010-12-17,16.76428644,-0.59531,0.80349,19
27.8966,-93.5973,2010-12-18,10.89897243,-0.95422,0.29911,19
27.8966,-93.5973,2010-12-19,10.53708214,-0.67855,0.73455,19
27.8966,-93.5973,2010-12-20,15.53595185,-0.09204,0.99575,19
27.8966,-93.5973,2010-12-21,24.94382689,0.34197,0.93971,19
27.8966,-93.5973,2010-12-22,26.96589884,-0.23511,0.97197,19
27.8966,-93.5973,2010-12-23,24.49640994,-0.2878,0.95769,19
27.8966,-93.5973,2010-12-24,5.791312459,0.98078,-0.19512,19
27.8966,-93.5973,2010-12-25,7.111237586,0.2475,0.96889,19
27.8966,-93.5973,2010-12-26,19.10615084,-0.97612,0.21721,19
27.8966,-93.5973,2010-12-27,8.134820219,0.03442,0.99941,19
27.8966,-93.5973,2010-12-28,12.01273491,0.29718,0.95482,19
27.8966,-93.5973,2010-12-29,18.63026838,0.57058,0.82125,19
27.8966,-93.5973,2010-12-30,29.8501742,0.35109,0.93634,19
27.55,-92.49,2010-12-01,20.0,0.0,-1.0,13
27.55,-92.49,2010-12-02,1.4,-0.70711,-0.70711,13
27.55,-92.49,2010-12-03,2.2,0.89101,-0.45399,13
27.55,-92.49,2010-12-04,2.5,0.60182,-0.79864,13
27.55,-92.49,2010-12-05,6.7,0.45399,-0.89101,13
27.55,-92.49,2010-12-06,8.9,0.45399,-0.89101,13
27.55,-92.49,2010-12-07,8.2,0.61566,-0.78801,13
27.55,-92.49,2010-12-08,5.4,0.55919,0.82904,13
27.55,-92.49,2010-12-10,11.8,-0.80902,-0.58779,13
27.55,-92.49,2010-12-11,2.5,0.98163,-0.19081,13
27.55,-92.49,2010-12-12,10.3,-0.39073,0.9205,13
27.55,-92.49,2010-12-13,12.5,0.96126,-0.27564,13
27.55,-92.49,2010-12-14,8.9,0.78801,0.61566,13
27.55,-92.49,2010-12-15,9.7,0.57358,0.81915,13
27.55,-92.49,2010-12-16,5.8,-0.85717,0.51504,13
27.55,-92.49,2010-12-17,11.2,-0.84805,-0.52992,13
27.55,-92.49,2010-12-18,11.7,-0.98481,-0.17365,13
27.55,-92.49,2010-12-19,10.4,-0.81915,-0.57358,13
27.55,-92.49,2010-12-20,8.3,-0.90631,-0.42262,13
27.55,-92.49,2010-12-21,4.5,-0.99452,0.10453,13
27.55,-92.49,2010-12-22,2.5,0.60182,0.79864,13
27.55,-92.49,2010-12-23,4.0,1.0,0.0,13
27.55,-92.49,2010-12-24,10.6,0.99027,-0.13917,13
27.55,-92.49,2010-12-25,6.5,0.52992,-0.84805,13
27.55,-92.49,2010-12-26,19.7,-0.45399,-0.89101,13
27.55,-92.49,2010-12-27,13.7,-0.83867,-0.54464,13
27.55,-92.49,2010-12-28,9.6,-0.98769,0.15643,13
27.55,-92.49,2010-12-29,6.8,-0.58779,0.80902,13
27.55,-92.49,2010-12-30,22.0,0.0,1.0,13
27.55,-92.49,2010-12-31,18.8,0.66913,0.74314,13
27.78,-90.518,2010-12-01,11.7,-0.45399,-0.89101,16
27.78,-90.518,2010-12-02,12.6,-0.52992,0.84805,16
27.78,-90.518,2010-12-03,10.7,0.71934,0.69466,16
27.78,-90.518,2010-12-04,5.7,0.08716,0.99619,16
27.78,-90.518,2010-12-05,7.5,0.45399,0.89101,16
27.78,-90.518,2010-12-06,5.4,0.85717,0.51504,16
27.78,-90.518,2010-12-15,8.5,-0.46947,0.88295,16
27.78,-90.518,2010-12-16,16.0,0.29237,0.9563,16
27.78,-90.518,2010-12-17,10.6,0.12187,0.99255,16
27.78,-90.518,2010-12-18,9.3,0.74314,-0.66913,16
27.37,-89.924,2010-12-01,12.6,-0.88295,0.46947,12
27.37,-89.924,2010-12-02,7.5,0.13917,0.99027,12
27.37,-89.924,2010-12-03,8.4,0.99619,0.08716,12
27.37,-89.924,2010-12-04,0.7,-0.27564,-0.96126,12
27.37,-89.924,2010-12-05,4.5,-0.99756,0.06976,12
27.37,-89.924,2010-12-06,5.7,0.22495,0.97437,12
27.37,-89.924,2010-12-07,21.4,-0.32557,-0.94552,12
27.37,-89.924,2010-12-08,17.5,-0.682,-0.73135,12
27.37,-89.924,2010-12-09,22.9,-0.62932,-0.77715,12
27.37,-89.924,2010-12-10,12.1,-0.86603,-0.5,12
27.37,-89.924,2010-12-11,19.4,-0.9563,-0.29237,12
27.37,-89.924,2010-12-12,19.3,-0.84805,-0.52992,12
27.37,-89.924,2010-12-13,7.3,-0.32557,-0.94552,12
27.37,-89.924,2010-12-14,26.8,-0.42262,-0.90631,12
27.37,-89.924,2010-12-15,13.9,-0.37461,-0.92718,12
27.37,-89.924,2010-12-16,16.4,-0.51504,-0.85717,12
27.37,-89.924,2010-12-17,20.7,-0.57358,-0.81915,12
27.37,-89.924,2010-12-18,17.4,0.01745,-0.99985,12
27.37,-89.924,2010-12-19,14.9,-0.62932,-0.77715,12
27.37,-89.924,2010-12-20,13.5,-0.57358,-0.81915,12
27.37,-89.924,2010-12-21,24.5,-0.71934,-0.69466,12
27.37,-89.924,2010-12-22,22.2,-0.76604,-0.64279,12
27.37,-89.924,2010-12-23,29.9,-0.75471,-0.65606,12
27.37,-89.924,2010-12-24,15.8,-0.5,-0.86603,12
27.37,-89.924,2010-12-25,20.0,-0.42262,-0.90631,12
27.37,-89.924,2010-12-26,21.3,-0.46947,-0.88295,12
27.37,-89.924,2010-12-27,16.0,-0.98481,-0.17365,12
27.37,-89.924,2010-12-28,7.9,-1.0,0.0,12
27.37,-89.924,2010-12-29,10.3,0.682,0.73135,12
27.37,-89.924,2010-12-30,14.1,0.99985,-0.01745,12
27.731,-87.924,2010-12-01,14.5,-0.45399,-0.89101,15
27.731,-87.924,2010-12-02,19.9,-0.60182,-0.79864,15
27.731,-87.924,2010-12-03,15.6,-0.54464,-0.83867,15
27.731,-87.924,2010-12-04,15.8,-0.83867,-0.54464,15
27.731,-87.924,2010-12-05,6.0,-0.25882,0.96593,15
27.731,-87.924,2010-12-06,17.2,-0.61566,-0.78801,15
27.731,-87.924,2010-12-07,0.9,-0.65606,-0.75471,15
27.731,-87.924,2010-12-08,18.4,-0.25882,-0.96593,15
27.731,-87.924,2010-12-09,25.8,-0.51504,-0.85717,15
27.731,-87.924,2010-12-10,15.6,-0.55919,-0.82904,15
27.731,-87.924,2010-12-11,14.7,-0.79864,-0.60182,15
27.731,-87.924,2010-12-12,6.1,-0.58779,0.80902,15
27.731,-87.924,2010-12-13,18.3,-0.51504,-0.85717,15
27.731,-87.924,2010-12-14,6.8,-0.62932,-0.77715,15
27.731,-87.924,2010-12-15,11.6,-0.93969,0.34202,15
27.731,-87.924,2010-12-16,6.8,-0.96126,-0.27564,15
27.731,-87.924,2010-12-20,11.3,0.78801,-0.61566,15
27.731,-87.924,2010-12-21,10.8,-0.682,-0.73135,15
27.731,-87.924,2010-12-22,11.3,-0.58779,-0.80902,15
27.731,-87.924,2010-12-23,10.0,-0.95106,-0.30902,15
27.731,-87.924,2010-12-24,11.8,-0.83867,-0.54464,15
27.731,-87.924,2010-12-25,12.2,-0.17365,-0.98481,15
27.731,-87.924,2010-12-26,8.2,-0.62932,-0.77715,15
27.731,-87.924,2010-12-27,3.4,-0.97815,-0.20791,15
27.731,-87.924,2010-12-28,3.1,-0.98769,0.15643,15
27.731,-87.924,2010-12-29,20.9,-0.95106,-0.30902,15
27.731,-87.924,2010-12-30,27.3,-0.40674,-0.91355,15
27.731,-87.924,2010-12-31,12.7,-0.89879,-0.43837,15
27.169,-82.926,2010-12-01,2.0,1.0,0.0,4
27.169,-82.926,2010-12-02,33.941125496954,-0.70711,0.70711,4
27.169,-82.926,2010-12-03,23.853720883753,-0.83844,0.54499,4
27.169,-82.926,2010-12-04,11.313708498985,-0.70711,0.70711,4
27.169,-82.926,2010-12-05,9.8488578017961,-0.40614,0.91381,4
27.169,-82.926,2010-12-06,14.422205101856,-0.5547,0.83205,4
27.169,-82.926,2010-12-07,27.313000567495,-0.40274,0.91532,4
27.169,-82.926,2010-12-08,15.811388300842,-0.31623,0.94868,4
27.169,-82.926,2010-12-09,3.1622776601684,-0.31623,0.94868,4
27.169,-82.926,2010-12-10,11.401754250991,-0.61394,0.78935,4
27.169,-82.926,2010-12-11,11.401754250991,-0.61394,0.78935,4
27.169,-82.926,2010-12-12,6.4031242374328,-0.78087,0.6247,4
27.169,-82.926,2010-12-13,26.248809496813,-0.76194,0.64765,4
27.169,-82.926,2010-12-14,38.209946349086,-0.73279,0.68045,4
27.169,-82.926,2010-12-15,26.870057685089,-0.70711,0.70711,4
27.169,-82.926,2010-12-16,12.041594578792,-0.66436,0.74741,4
27.169,-82.926,2010-12-17,3.1622776601684,0.31623,0.94868,4
27.169,-82.926,2010-12-18,10.295630140987,-0.48564,0.87416,4
27.169,-82.926,2010-12-19,7.2801098892805,-0.27472,0.96152,4
27.169,-82.926,2010-12-20,21.633307652784,-0.5547,0.83205,4
27.169,-82.926,2010-12-21,13.0,-0.38462,0.92308,4
27.169,-82.926,2010-12-22,8.2462112512353,-0.24254,0.97014,4
27.169,-82.926,2010-12-23,11.180339887499,-0.17889,0.98387,4
27.169,-82.926,2010-12-24,13.89244398945,-0.50387,0.86378,4
27.169,-82.926,2010-12-25,6.4031242374328,-0.78087,0.6247,4
27.169,-82.926,2010-12-26,8.2462112512353,0.97014,0.24254,4
27.169,-82.926,2010-12-27,34.71310991542,-0.66257,0.749,4
27.169,-82.926,2010-12-28,22.360679774998,-0.89443,0.44721,4
27.169,-82.926,2010-12-29,8.0622577482985,-0.86824,0.49614,4
27.169,-82.926,2010-12-30,8.0,-1.0,0.0,4
28.3507,-96.0058,2010-12-01,36.00176801,-0.84802,-0.52997,31
28.3507,-96.0058,2010-12-02,9.003221646,-0.93967,-0.3421,31
28.3507,-96.0058,2010-12-03,21.00208085,-0.78802,-0.61565,31
28.3507,-96.0058,2010-12-04,7.9999125,-0.91376,-0.40625,31
28.3507,-96.0058,2010-12-05,12.30318658,0.73964,0.673,31
28.3507,-96.0058,2010-12-06,40.00474097,-0.20798,-0.97813,31
28.3507,-96.0058,2010-12-07,28.99931206,-0.40691,-0.91347,31
28.3507,-96.0058,2010-12-08,11.00227249,0.19088,-0.98161,31
28.3507,-96.0058,2010-12-09,43.97284276,-0.43709,-0.89942,31
28.3507,-96.0058,2010-12-10,6.677851451,0.10632,0.99433,31
28.3507,-96.0058,2010-12-11,18.50922203,0.94655,0.32254,31
28.3507,-96.0058,2010-12-12,10.291146680521,-0.4363,0.8998,31
28.3507,-96.0058,2010-12-13,15.84651697,0.79513,0.60644,31
28.3507,-96.0058,2010-12-14,21.220002356268,0.0,1.0,31
28.3507,-96.0058,2010-12-15,24.99824994,0.46963,0.88286,31
28.3507,-96.0058,2010-12-16,48.99764892,0.58778,0.80902,31
28.3507,-96.0058,2010-12-17,14.99692302,-0.29273,0.9562,31
28.3507,-96.0058,2010-12-18,33.99578797,-0.50007,-0.86599,31
28.3507,-96.0058,2010-12-19,45.00263215,-0.22488,-0.97439,31
28.3507,-96.0058,2010-12-20,18.00266925,0.01722,0.99985,31
28.3507,-96.0058,2010-12-21,8.001656079,0.9848,-0.17371,31
28.3507,-96.0058,2010-12-22,5.0009999,-0.78785,-0.61587,31
28.3507,-96.0058,2010-12-23,4.996328652,-0.17413,-0.98472,31
28.3507,-96.0058,2010-12-24,38.42683568,-0.39452,-0.91889,31
28.3507,-96.0058,2010-12-25,36.57936167,0.03254,-0.99947,31
28.3507,-96.0058,2010-12-26,6.727867418,-0.99734,0.07283,31
28.3507,-96.0058,2010-12-27,12.22589465,0.70834,-0.70587,31
28.3507,-96.0058,2010-12-28,14.92033512,-0.00671,-0.99998,31
28.3507,-96.0058,2010-12-29,5.634474243,-0.20055,0.97968,31
28.3507,-96.0058,2010-12-30,15.31527995,0.17825,0.98398,31
28.9818,-94.9186,2010-12-01,30.91496078,0.81255,0.58289,37
28.9818,-94.9186,2010-12-02,15.31055192,-0.0085,-0.99996,37
28.9818,-94.9186,2010-12-03,13.10406426,-0.97451,0.22436,37
28.9818,-94.9186,2010-12-04,18.7707352,-0.90513,-0.42513,37
28.9818,-94.9186,2010-12-05,21.78739314,-0.11613,-0.99323,37
28.9818,-94.9186,2010-12-06,21.3227789,-0.99799,0.06332,37
28.9818,-94.9186,2010-12-07,37.79275063,-0.43553,0.90017,37
28.9818,-94.9186,2010-12-08,44.03764867,-0.99846,0.05541,37
28.9818,-94.9186,2010-12-09,34.45377483,-0.0148,0.99989,37
28.9818,-94.9186,2010-12-10,30.99920644,-0.3284,-0.94454,37
28.9818,-94.9186,2010-12-11,12.64634335,-0.85875,-0.5124,37
28.9818,-94.9186,2010-12-12,28.19989539,0.22909,-0.97341,37
28.9818,-94.9186,2010-12-13,60.53493867,0.91385,0.40605,37
28.9818,-94.9186,2010-12-14,27.716915412794,0.10283,0.9947,37
28.9818,-94.9186,2010-12-15,32.553503651681,-0.39473,-0.9188,37
28.9818,-94.9186,2010-12-16,44.120942872971,0.15322,-0.98819,37
28.9818,-94.9186,2010-12-17,35.069714854843,0.63645,0.77132,37
28.9818,-94.9186,2010-12-18,34.119661487184,-0.37134,-0.9285,37
28.9818,-94.9186,2010-12-19,42.624545603739,-0.73958,0.67307,37
28.9818,-94.9186,2010-12-20,46.006772407759,-0.98039,0.19708,37
28.9818,-94.9186,2010-12-21,40.876582874741,-0.92725,-0.37445,37
28.9818,-94.9186,2010-12-22,42.808121582367,0.12958,-0.99157,37
28.9818,-94.9186,2010-12-23,41.509373694073,-0.97338,-0.22918,37
28.9818,-94.9186,2010-12-24,45.492882445963,-0.98195,0.18916,37
28.9818,-94.9186,2010-12-25,42.24927112139,-0.99636,-0.08523,37
28.9818,-94.9186,2010-12-26,43.23607557438,0.9272,0.37458,37
28.9818,-94.9186,2010-12-27,45.936249666119,0.84869,0.52889,37
28.9818,-94.9186,2010-12-28,43.39841052937,-0.95824,0.28598,37
28.9818,-94.9186,2010-12-29,48.739162782216,-0.82951,-0.55849,37
28.9818,-94.9186,2010-12-30,42.814639406327,-0.74794,-0.66377,37
28.221,-89.615,2010-12-01,15.6,0.97815,-0.20791,28
28.221,-89.615,2010-12-02,19.5,0.99255,-0.12187,28
28.221,-89.615,2010-12-03,21.1,0.99027,0.13917,28
28.221,-89.615,2010-12-04,27.0,0.93969,0.34202,28
28.221,-89.615,2010-12-05,29.8,0.75471,0.65606,28
28.221,-89.615,2010-12-06,30.7,0.97437,0.22495,28
28.221,-89.615,2010-12-07,23.4,0.96126,0.27564,28
28.221,-89.615,2010-12-08,24.1,0.98163,0.19081,28
28.221,-89.615,2010-12-09,16.5,1.0,0.0,28
28.221,-89.615,2010-12-10,17.2,0.87462,0.48481,28
28.221,-89.615,2010-12-11,12.3,0.99619,-0.08716,28
28.221,-89.615,2010-12-12,15.3,0.80902,0.58779,28
28.221,-89.615,2010-12-13,12.0,0.98163,0.19081,28
28.221,-89.615,2010-12-14,17.3,0.682,0.73135,28
28.221,-89.615,2010-12-15,13.9,0.73135,0.682,28
28.221,-89.615,2010-12-16,14.1,0.69466,0.71934,28
28.201,-88.752,2010-12-01,9.8,-0.70711,0.70711,27
28.201,-88.752,2010-12-02,9.4,-0.70711,0.70711,27
28.201,-88.752,2010-12-03,10.0,-0.10453,0.99452,27
28.201,-88.752,2010-12-04,13.7,-0.30902,0.95106,27
28.201,-88.752,2010-12-05,14.2,-0.60182,0.79864,27
28.201,-88.752,2010-12-06,12.4,-0.54464,0.83867,27
28.201,-88.752,2010-12-07,10.2,-0.57358,0.81915,27
28.201,-88.752,2010-12-08,12.1,0.01745,0.99985,27
28.201,-88.752,2010-12-09,6.6,0.01745,0.99985,27
28.201,-88.752,2010-12-10,6.9,0.05234,0.99863,27
28.201,-88.752,2010-12-11,5.7,-0.43837,0.89879,27
28.201,-88.752,2010-12-12,10.8,-0.99619,0.08716,27
28.201,-88.752,2010-12-13,17.8,-0.99619,0.08716,27
28.201,-88.752,2010-12-14,10.1,-0.77715,-0.62932,27
28.201,-88.752,2010-12-15,7.0,-0.99985,-0.01745,27
28.201,-88.752,2010-12-16,8.8,-0.80902,0.58779,27
28.201,-88.752,2010-12-17,17.2,-0.97815,-0.20791,27
28.201,-88.752,2010-12-18,8.5,-0.99619,0.08716,27
28.201,-88.752,2010-12-19,6.2,-0.83867,-0.54464,27
28.201,-88.752,2010-12-20,3.7,0.15643,-0.98769,27
28.201,-88.752,2010-12-21,1.9,0.96126,-0.27564,27
28.201,-88.752,2010-12-22,1.0,0.10453,0.99452,27
28.201,-88.752,2010-12-23,0.5,0.37461,0.92718,27
28.201,-88.752,2010-12-24,8.7,0.65606,-0.75471,27
28.201,-88.752,2010-12-25,11.5,0.30902,-0.95106,27
28.201,-88.752,2010-12-26,14.6,-0.81915,-0.57358,27
28.201,-88.752,2010-12-27,14.7,-0.9703,0.24192,27
28.201,-88.752,2010-12-28,13.5,-0.64279,0.76604,27
28.201,-88.752,2010-12-29,10.2,-0.77715,0.62932,27
28.201,-88.752,2010-12-30,9.6,-0.99255,-0.12187,27
28.085,-87.986,2010-12-01,20.2,0.01745,-0.99985,22
28.085,-87.986,2010-12-02,28.2,0.99863,-0.05234,22
28.085,-87.986,2010-12-03,13.6,0.88295,-0.46947,22
28.085,-87.986,2010-12-04,13.7,0.89879,-0.43837,22
28.085,-87.986,2010-12-05,17.1,0.54464,-0.83867,22
28.085,-87.986,2010-12-06,33.9,0.77715,-0.62932,22
28.085,-87.986,2010-12-07,25.9,0.58779,-0.80902,22
28.085,-87.986,2010-12-08,27.4,0.5,-0.86603,22
28.085,-87.986,2010-12-09,17.4,0.682,-0.73135,22
28.085,-87.986,2010-12-10,21.4,0.70711,-0.70711,22
28.085,-87.986,2010-12-11,18.4,0.46947,-0.88295,22
28.085,-87.986,2010-12-12,19.1,0.83867,-0.54464,22
28.085,-87.986,2010-12-13,27.8,0.37461,-0.92718,22
28.085,-87.986,2010-12-14,22.0,0.57358,-0.81915,22
28.085,-87.986,2010-12-15,15.2,0.20791,-0.97815,22
28.085,-87.986,2010-12-16,14.3,-0.35837,-0.93358,22
28.085,-87.986,2010-12-17,14.1,0.89879,-0.43837,22
28.085,-87.986,2010-12-18,16.5,0.35837,-0.93358,22
28.085,-87.986,2010-12-19,19.4,0.45399,-0.89101,22
28.085,-87.986,2010-12-20,17.0,0.66913,-0.74314,22
28.085,-87.986,2010-12-21,21.6,0.60182,-0.79864,22
28.085,-87.986,2010-12-22,42.1,0.15643,-0.98769,22
28.085,-87.986,2010-12-23,31.5,0.19081,-0.98163,22
28.085,-87.986,2010-12-24,26.8,0.30902,-0.95106,22
28.085,-87.986,2010-12-25,16.4,0.24192,-0.9703,22
28.085,-87.986,2010-12-26,18.5,-0.10453,-0.99452,22
28.085,-87.986,2010-12-27,13.7,0.682,-0.73135,22
28.085,-87.986,2010-12-28,19.4,0.89101,-0.45399,22
28.085,-87.986,2010-12-29,23.0,0.94552,-0.32557,22
28.085,-87.986,2010-12-30,28.6,0.85717,-0.51504,22
29.635,-93.6417,2010-12-01,10.880238967964,-0.42278,0.90623,39
29.635,-93.6417,2010-12-02,11.39142221,0.04477,0.999,39
29.635,-93.6417,2010-12-03,6.611278243,-0.99981,0.01967,39
29.635,-93.6417,2010-12-04,18.22936368,-0.04609,-0.99894,39
29.635,-93.6417,2010-12-05,16.36363346,-0.93011,-0.36727,39
29.635,-93.6417,2010-12-06,21.38168375035,-0.27126,-0.96251,39
29.635,-93.6417,2010-12-07,23.628908142358,-0.72073,-0.69322,39
29.635,-93.6417,2010-12-08,11.00102268,-0.01364,-0.99991,39
29.635,-93.6417,2010-12-09,7.359110001,-0.51909,-0.85472,39
29.635,-93.6417,2010-12-10,3.995209632,0.71086,-0.70334,39
29.635,-93.6417,2010-12-11,24.26706822,-0.16113,-0.98693,39
29.635,-93.6417,2010-12-12,11.09927025,0.21894,-0.97574,39
29.635,-93.6417,2010-12-13,35.05484275,0.20368,0.97904,39
29.635,-93.6417,2010-12-14,10.96335715,-0.14959,0.98875,39
29.635,-93.6417,2010-12-15,9.0,0.0,-1.0,39
29.635,-93.6417,2010-12-16,8.004198898,-0.10495,-0.99448,39
29.635,-93.6417,2010-12-17,13.99966071,-0.62931,-0.77716,39
29.635,-93.6417,2010-12-18,23.411287875724,-0.23066,-0.97303,39
29.635,-93.6417,2010-12-19,15.84909146,-0.14134,-0.98996,39
29.635,-93.6417,2010-12-20,6.486925312,0.9234,-0.38384,39
29.635,-93.6417,2010-12-21,12.54475588,-0.31647,-0.9486,39
29.635,-93.6417,2010-12-22,10.68861544,-0.4416,-0.89721,39
29.635,-93.6417,2010-12-23,15.5926425,-0.55604,-0.83116,39
29.635,-93.6417,2010-12-24,31.14154299,-0.00996,-0.99995,39
29.635,-93.6417,2010-12-25,28.92833213,0.04425,-0.99902,39
29.635,-93.6417,2010-12-26,13.00001538,0.46923,0.88308,39
29.635,-93.6417,2010-12-27,2.435159132,-0.9445,-0.32852,39
29.635,-93.6417,2010-12-28,13.76971314,0.21424,-0.97678,39
29.635,-93.6417,2010-12-29,10.61872403,-0.60931,-0.79294,39
29.635,-93.6417,2010-12-30,27.05795447,0.15523,-0.98788,39
29.4012,-89.0355,2010-12-01,5.366,-0.93358,0.35837,38
29.4012,-89.0355,2010-12-02,5.154,0.43837,0.89879,38
29.4012,-89.0355,2010-12-03,5.212,0.89101,-0.45399,38
29.4012,-89.0355,2010-12-04,5.341,0.51504,-0.85717,38
29.4012,-89.0355,2010-12-05,5.188,0.55919,-0.82904,38
29.4012,-89.0355,2010-12-06,5.213,-0.87462,-0.48481,38
29.4012,-89.0355,2010-12-07,5.116,-0.60182,-0.79864,38
29.4012,-89.0355,2010-12-08,5.121,-0.65606,-0.75471,38
29.4012,-89.0355,2010-12-09,5.159,-0.95106,-0.30902,38
29.4012,-89.0355,2010-12-10,5.105,-0.40674,-0.91355,38
29.4012,-89.0355,2010-12-11,5.152,-0.57358,-0.81915,38
29.4012,-89.0355,2010-12-12,5.159,0.40674,-0.91355,38
29.4012,-89.0355,2010-12-13,5.153,0.32557,0.94552,38
29.4012,-89.0355,2010-12-14,5.076,-0.89101,0.45399,38
29.4012,-89.0355,2010-12-15,5.058,0.97437,-0.22495,38
29.4012,-89.0355,2010-12-16,5.097,0.45399,-0.89101,38
29.4012,-89.0355,2010-12-17,5.24,0.42262,-0.90631,38
29.4012,-89.0355,2010-12-18,5.359,-0.65606,-0.75471,38
29.4012,-89.0355,2010-12-19,6.123,-0.99756,0.06976,38
29.4012,-89.0355,2010-12-20,6.113,-0.39073,-0.9205,38
29.4012,-89.0355,2010-12-21,4.299,0.5,-0.86603,38
29.4012,-89.0355,2010-12-22,4.302,0.45399,-0.89101,38
29.4012,-89.0355,2010-12-23,6.252,0.52992,-0.84805,38
29.4012,-89.0355,2010-12-24,5.161,-0.57358,-0.81915,38
29.4012,-89.0355,2010-12-25,6.121,-0.37461,-0.92718,38
29.4012,-89.0355,2010-12-26,6.304,-0.93969,0.34202,38
29.4012,-89.0355,2010-12-27,6.047,-0.81915,0.57358,38
29.4012,-89.0355,2010-12-28,6.115,0.83867,-0.54464,38
29.4012,-89.0355,2010-12-29,6.245,0.86603,0.5,38
29.4012,-89.0355,2010-12-30,6.293,0.96593,-0.25882,38
