latitude,longitude,date,wind_speed,wind_x,wind_y,id
22.203,-94.0,2010-12-01,13.9,0.86603,-0.5,0
22.203,-94.0,2010-12-02,7.7,1.0,0.0,0
22.203,-94.0,2010-12-03,7.7,0.98481,0.17365,0
22.203,-94.0,2010-12-04,1.5,0.34202,-0.93969,0
22.203,-94.0,2010-12-05,7.7,0.0,-1.0,0
22.203,-94.0,2010-12-06,10.8,0.98481,-0.17365,0
22.203,-94.0,2010-12-07,10.8,0.86603,-0.5,0
22.203,-94.0,2010-12-08,5.7,0.76604,-0.64279,0
22.203,-94.0,2010-12-09,8.7,0.93969,0.34202,0
22.203,-94.0,2010-12-10,4.6,0.76604,0.64279,0
22.203,-94.0,2010-12-11,4.6,0.98481,0.17365,0
22.203,-94.0,2010-12-12,6.7,-0.98481,-0.17365,0
22.203,-94.0,2010-12-13,15.9,0.64279,-0.76604,0
22.203,-94.0,2010-12-14,10.8,0.86603,-0.5,0
22.203,-94.0,2010-12-15,5.7,0.98481,-0.17365,0
22.203,-94.0,2010-12-16,4.6,-1.0,0.0,0
22.203,-94.0,2010-12-17,9.8,-0.98481,-0.17365,0
22.203,-94.0,2010-12-18,4.6,-1.0,0.0,0
22.203,-94.0,2010-12-19,7.7,1.0,0.0,0
22.203,-94.0,2010-12-20,7.7,0.98481,0.17365,0
22.203,-94.0,2010-12-21,2.6,-0.64279,0.76604,0
22.203,-94.0,2010-12-22,4.6,-0.86603,-0.5,0
22.203,-94.0,2010-12-23,8.7,0.34202,-0.93969,0
22.203,-94.0,2010-12-24,5.7,0.93969,0.34202,0
22.203,-94.0,2010-12-25,2.6,-0.34202,0.93969,0
22.203,-94.0,2010-12-26,12.9,0.34202,-0.93969,0
22.203,-94.0,2010-12-27,11.8,0.86603,-0.5,0
22.203,-94.0,2010-12-28,5.7,0.93969,-0.34202,0
22.203,-94.0,2010-12-29,2.6,0.93969,-0.34202,0
22.203,-94.0,2010-12-30,5.7,-0.5,0.86603,0
24.693,-82.773,2010-12-01,9.8,0.64279,-0.76604,3
24.693,-82.773,2010-12-02,5.1,0.98481,0.17365,3
24.693,-82.773,2010-12-03,3.6,0.76604,0.64279,3
24.693,-82.773,2010-12-04,1.5,-0.98481,0.17365,3
24.693,-82.773,2010-12-05,6.2,-0.17365,-0.98481,3
24.693,-82.773,2010-12-06,12.3,0.98481,0.17365,3
24.693,-82.773,2010-12-07,9.8,0.98481,-0.17365,3
24.693,-82.773,2010-12-08,5.1,0.93969,0.34202,3
24.693,-82.773,2010-12-09,12.9,0.93969,0.34202,3
24.693,-82.773,2010-12-10,4.1,0.86603,0.5,3
24.693,-82.773,2010-12-11,6.7,0.0,1.0,3
24.693,-82.773,2010-12-12,10.3,-0.93969,-0.34202,3
24.693,-82.773,2010-12-13,17.0,0.86603,-0.5,3
24.693,-82.773,2010-12-14,8.7,0.98481,-0.17365,3
24.693,-82.773,2010-12-15,3.1,0.5,0.86603,3
24.693,-82.773,2010-12-16,12.3,-0.98481,0.17365,3
24.693,-82.773,2010-12-17,6.2,-0.34202,-0.93969,3
24.693,-82.773,2010-12-18,7.7,0.64279,0.76604,3
24.693,-82.773,2010-12-19,9.3,0.98481,-0.17365,3
24.693,-82.773,2010-12-20,5.1,0.93969,0.34202,3
24.693,-82.773,2010-12-21,7.7,-0.86603,0.5,3
24.693,-82.773,2010-12-22,8.2,-0.86603,-0.5,3
24.693,-82.773,2010-12-23,7.2,0.17365,-0.98481,3
24.693,-82.773,2010-12-24,6.2,0.86603,0.5,3
24.693,-82.773,2010-12-25,5.7,0.34202,0.93969,3
24.693,-82.773,2010-12-26,18.0,1.0,0.0,3
24.693,-82.773,2010-12-27,12.3,0.98481,-0.17365,3
24.693,-82.773,2010-12-28,3.6,1.0,0.0,3
24.693,-82.773,2010-12-29,3.6,0.34202,0.93969,3
24.693,-82.773,2010-12-30,12.9,-0.86603,0.5,3
24.456,-81.877,2010-12-01,7.7,-0.86603,-0.5,1
24.456,-81.877,2010-12-02,3.1,1.0,0.0,1
24.456,-81.877,2010-12-03,1.5,0.98481,0.17365,1
24.456,-81.877,2010-12-04,2.1,0.5,-0.86603,1
24.456,-81.877,2010-12-05,3.1,-0.5,-0.86603,1
24.456,-81.877,2010-12-06,4.1,1.0,0.0,1
24.456,-81.877,2010-12-07,4.6,0.93969,-0.34202,1
24.456,-81.877,2010-12-08,2.6,0.86603,-0.5,1
24.456,-81.877,2010-12-09,4.1,0.98481,-0.17365,1
24.456,-81.877,2010-12-10,2.1,1.0,0.0,1
24.456,-81.877,2010-12-11,2.6,0.93969,0.34202,1
24.456,-81.877,2010-12-12,2.1,-0.5,-0.86603,1
24.456,-81.877,2010-12-13,9.3,0.5,-0.86603,1
24.456,-81.877,2010-12-14,5.1,0.86603,-0.5,1
24.456,-81.877,2010-12-15,3.1,0.86603,-0.5,1
24.456,-81.877,2010-12-16,1.0,0.76604,-0.64279,1
24.456,-81.877,2010-12-17,3.1,-0.86603,0.5,1
24.456,-81.877,2010-12-18,2.1,-0.76604,0.64279,1
24.456,-81.877,2010-12-19,1.0,1.0,0.0,1
24.456,-81.877,2010-12-20,4.1,0.93969,0.34202,1
24.456,-81.877,2010-12-21,2.1,0.76604,-0.64279,1
24.456,-81.877,2010-12-22,0.5,-0.93969,0.34202,1
24.456,-81.877,2010-12-23,3.1,-0.17365,-0.98481,1
24.456,-81.877,2010-12-24,2.1,0.93969,0.34202,1
24.456,-81.877,2010-12-25,2.6,0.86603,-0.5,1
24.456,-81.877,2010-12-26,8.2,-0.98481,0.17365,1
24.456,-81.877,2010-12-27,6.2,0.76604,-0.64279,1
24.456,-81.877,2010-12-28,2.6,0.76604,-0.64279,1
24.456,-81.877,2010-12-29,2.1,0.64279,-0.76604,1
24.456,-81.877,2010-12-30,1.5,0.93969,-0.34202,1
25.888,-89.658,2010-12-01,14.9,0.98481,-0.17365,5
25.888,-89.658,2010-12-02,7.7,0.76604,0.64279,5
25.888,-89.658,2010-12-03,5.7,0.64279,0.76604,5
25.888,-89.658,2010-12-04,3.6,0.76604,0.64279,5
25.888,-89.658,2010-12-05,1.5,-0.76604,-0.64279,5
25.888,-89.658,2010-12-06,9.8,0.86603,0.5,5
25.888,-89.658,2010-12-07,7.7,1.0,0.0,5
25.888,-89.658,2010-12-08,1.5,0.98481,-0.17365,5
25.888,-89.658,2010-12-09,13.9,0.64279,0.76604,5
25.888,-89.658,2010-12-10,6.7,0.76604,0.64279,5
25.888,-89.658,2010-12-11,3.6,-0.34202,0.93969,5
25.888,-89.658,2010-12-12,5.7,-0.64279,-0.76604,5
25.888,-89.658,2010-12-13,13.9,0.76604,-0.64279,5
25.888,-89.658,2010-12-14,11.8,0.86603,-0.5,5
25.888,-89.658,2010-12-15,3.6,0.5,0.86603,5
25.888,-89.658,2010-12-16,7.7,-0.76604,0.64279,5
25.888,-89.658,2010-12-17,5.7,-0.98481,0.17365,5
25.888,-89.658,2010-12-18,3.6,-0.76604,0.64279,5
25.888,-89.658,2010-12-19,8.7,0.93969,-0.34202,5
25.888,-89.658,2010-12-20,5.7,0.93969,0.34202,5
25.888,-89.658,2010-12-21,3.6,-0.17365,0.98481,5
25.888,-89.658,2010-12-22,3.6,0.34202,0.93969,5
25.888,-89.658,2010-12-23,1.5,1.0,0.0,5
25.888,-89.658,2010-12-24,6.7,0.86603,0.5,5
25.888,-89.658,2010-12-25,4.6,-0.17365,0.98481,5
25.888,-89.658,2010-12-26,13.9,0.64279,-0.76604,5
25.888,-89.658,2010-12-27,8.7,0.86603,-0.5,5
25.888,-89.658,2010-12-28,3.6,0.93969,0.34202,5
25.888,-89.658,2010-12-29,5.7,0.34202,0.93969,5
25.888,-89.658,2010-12-30,8.7,-0.76604,0.64279,5
25.084,-81.096,2010-12-01,5.1,-0.76604,0.64279,4
25.084,-81.096,2010-12-02,6.7,0.86603,0.5,4
25.084,-81.096,2010-12-03,5.7,0.76604,0.64279,4
25.084,-81.096,2010-12-04,4.1,0.86603,0.5,4
25.084,-81.096,2010-12-05,4.1,0.76604,-0.64279,4
25.084,-81.096,2010-12-06,5.7,0.17365,-0.98481,4
25.084,-81.096,2010-12-07,10.8,0.98481,-0.17365,4
25.084,-81.096,2010-12-08,8.7,0.93969,-0.34202,4
25.084,-81.096,2010-12-09,2.6,0.98481,0.17365,4
25.084,-81.096,2010-12-10,7.7,0.86603,0.5,4
25.084,-81.096,2010-12-11,5.1,0.98481,-0.17365,4
25.084,-81.096,2010-12-12,5.1,0.98481,-0.17365,4
25.084,-81.096,2010-12-13,6.7,0.98481,-0.17365,4
25.084,-81.096,2010-12-14,12.3,0.86603,-0.5,4
25.084,-81.096,2010-12-15,6.2,1.0,0.0,4
25.084,-81.096,2010-12-16,4.1,0.98481,0.17365,4
25.084,-81.096,2010-12-17,2.1,0.17365,0.98481,4
25.084,-81.096,2010-12-18,2.6,0.17365,0.98481,4
25.084,-81.096,2010-12-19,2.1,-0.5,-0.86603,4
25.084,-81.096,2010-12-20,6.7,0.64279,-0.76604,4
25.084,-81.096,2010-12-21,3.1,0.86603,-0.5,4
25.084,-81.096,2010-12-22,0.5,0.17365,0.98481,4
25.084,-81.096,2010-12-23,2.6,0.0,-1.0,4
25.084,-81.096,2010-12-24,7.7,0.93969,-0.34202,4
25.084,-81.096,2010-12-25,4.6,-0.17365,0.98481,4
25.084,-81.096,2010-12-26,2.1,-0.93969,0.34202,4
25.084,-81.096,2010-12-27,11.8,0.93969,-0.34202,4
25.084,-81.096,2010-12-28,7.7,0.93969,-0.34202,4
25.084,-81.096,2010-12-29,6.2,1.0,0.0,4
25.084,-81.096,2010-12-30,2.6,0.5,0.86603,4
26.8015,-97.4706,2010-12-01,4.9,0.99863,-0.05234,9
26.8015,-97.4706,2010-12-02,4.0,-0.51504,0.85717,9
26.8015,-97.4706,2010-12-03,4.4,-0.65606,0.75471,9
26.8015,-97.4706,2010-12-04,7.2,-0.75471,0.65606,9
26.8015,-97.4706,2010-12-05,7.1,-0.81915,0.57358,9
26.8015,-97.4706,2010-12-06,8.9,0.99939,0.0349,9
26.8015,-97.4706,2010-12-07,5.4,0.9703,-0.24192,9
26.8015,-97.4706,2010-12-08,5.1,-0.9563,0.29237,9
26.8015,-97.4706,2010-12-09,3.6,0.9205,0.39073,9
26.8015,-97.4706,2010-12-10,7.3,-0.84805,0.52992,9
26.8015,-97.4706,2010-12-11,7.8,-0.96126,0.27564,9
26.8015,-97.4706,2010-12-12,6.5,0.99939,-0.0349,9
26.8015,-97.4706,2010-12-13,4.4,0.99985,0.01745,9
26.8015,-97.4706,2010-12-14,4.2,-0.45399,0.89101,9
26.8015,-97.4706,2010-12-15,8.0,-0.91355,0.40674,9
26.8015,-97.4706,2010-12-16,8.0,-0.93358,0.35837,9
26.8015,-97.4706,2010-12-17,5.5,-0.62932,0.77715,9
26.8015,-97.4706,2010-12-18,6.9,1.0,0.0,9
26.8015,-97.4706,2010-12-19,4.1,0.66913,0.74314,9
26.8015,-97.4706,2010-12-20,5.4,-0.65606,0.75471,9
26.8015,-97.4706,2010-12-21,6.5,-0.87462,0.48481,9
26.8015,-97.4706,2010-12-22,8.9,-0.82904,0.55919,9
26.8015,-97.4706,2010-12-23,6.6,-0.24192,0.9703,9
26.8015,-97.4706,2010-12-24,8.8,-0.55919,0.82904,9
26.8015,-97.4706,2010-12-25,3.5,-0.76604,0.64279,9
26.8015,-97.4706,2010-12-26,7.0,0.99985,0.01745,9
26.8015,-97.4706,2010-12-27,1.9,0.82904,0.55919,9
26.8015,-97.4706,2010-12-28,5.6,-0.58779,0.80902,9
26.8015,-97.4706,2010-12-29,8.9,-0.70711,0.70711,9
26.8015,-97.4706,2010-12-30,7.5,-0.97437,0.22495,9
26.968,-96.694,2010-12-01,10.8,0.98481,-0.17365,10
26.968,-96.694,2010-12-02,1.5,-0.93969,0.34202,10
26.968,-96.694,2010-12-03,4.6,-0.93969,0.34202,10
26.968,-96.694,2010-12-04,6.7,-0.93969,0.34202,10
26.968,-96.694,2010-12-05,0.5,-0.98481,-0.17365,10
26.968,-96.694,2010-12-06,8.7,0.76604,0.64279,10
26.968,-96.694,2010-12-07,5.7,0.64279,0.76604,10
26.968,-96.694,2010-12-08,7.7,-0.76604,0.64279,10
26.968,-96.694,2010-12-09,9.8,0.98481,0.17365,10
26.968,-96.694,2010-12-10,7.7,-0.98481,-0.17365,10
26.968,-96.694,2010-12-11,9.8,-1.0,0.0,10
26.968,-96.694,2010-12-12,8.7,-0.5,-0.86603,10
26.968,-96.694,2010-12-13,10.8,0.86603,-0.5,10
26.007,-85.648,2010-12-01,1.5,-1.0,0.0,6
26.007,-85.648,2010-12-02,8.7,0.93969,0.34202,6
26.007,-85.648,2010-12-03,7.7,0.86603,0.5,6
26.007,-85.648,2010-12-04,5.7,0.76604,0.64279,6
26.007,-85.648,2010-12-05,1.5,0.93969,-0.34202,6
26.007,-85.648,2010-12-06,8.7,1.0,0.0,6
26.007,-85.648,2010-12-07,7.7,0.98481,-0.17365,6
26.007,-85.648,2010-12-08,3.6,0.86603,0.5,6
26.007,-85.648,2010-12-09,6.7,0.17365,0.98481,6
26.007,-85.648,2010-12-10,5.7,0.93969,0.34202,6
26.007,-85.648,2010-12-11,2.6,0.86603,0.5,6
26.007,-85.648,2010-12-12,2.6,0.5,0.86603,6
26.007,-85.648,2010-12-13,14.9,0.76604,-0.64279,6
26.007,-85.648,2010-12-14,11.8,0.98481,-0.17365,6
26.007,-85.648,2010-12-15,6.7,0.93969,0.34202,6
26.007,-85.648,2010-12-16,4.6,-0.17365,0.98481,6
26.007,-85.648,2010-12-17,6.7,-0.86603,0.5,6
26.007,-85.648,2010-12-18,8.7,-0.64279,0.76604,6
26.007,-85.648,2010-12-19,4.6,0.86603,-0.5,6
26.007,-85.648,2010-12-20,7.7,0.98481,0.17365,6
26.007,-85.648,2010-12-21,4.6,0.0,1.0,6
26.007,-85.648,2010-12-22,2.6,-0.5,0.86603,6
26.007,-85.648,2010-12-23,3.6,0.86603,-0.5,6
26.007,-85.648,2010-12-24,7.7,0.93969,0.34202,6
26.007,-85.648,2010-12-25,3.6,0.0,1.0,6
26.007,-85.648,2010-12-26,12.9,0.17365,-0.98481,6
26.007,-85.648,2010-12-27,11.8,0.93969,-0.34202,6
26.007,-85.648,2010-12-28,5.7,0.98481,0.17365,6
26.007,-85.648,2010-12-29,4.6,0.76604,0.64279,6
26.007,-85.648,2010-12-30,6.7,-0.34202,0.93969,6
26.404,-81.881,2010-12-01,4.6,-1.0,0.0,8
26.404,-81.881,2010-12-02,6.7,0.93969,-0.34202,8
26.404,-81.881,2010-12-03,4.6,0.98481,-0.17365,8
26.404,-81.881,2010-12-04,3.1,0.98481,-0.17365,8
26.404,-81.881,2010-12-05,3.1,0.76604,-0.64279,8
26.404,-81.881,2010-12-06,3.1,0.64279,-0.76604,8
26.404,-81.881,2010-12-07,5.1,0.93969,-0.34202,8
26.404,-81.881,2010-12-08,5.1,0.76604,-0.64279,8
26.404,-81.881,2010-12-09,3.1,0.93969,0.34202,8
26.404,-81.881,2010-12-10,2.6,0.86603,0.5,8
26.404,-81.881,2010-12-11,3.1,0.64279,-0.76604,8
26.404,-81.881,2010-12-12,3.6,0.17365,-0.98481,8
26.404,-81.881,2010-12-13,7.2,0.34202,-0.93969,8
26.404,-81.881,2010-12-14,7.2,0.93969,-0.34202,8
26.404,-81.881,2010-12-15,4.1,0.93969,-0.34202,8
26.404,-81.881,2010-12-16,2.1,0.17365,-0.98481,8
26.404,-81.881,2010-12-17,1.5,0.64279,-0.76604,8
26.404,-81.881,2010-12-18,2.6,-0.93969,0.34202,8
26.404,-81.881,2010-12-19,1.5,-0.98481,0.17365,8
26.404,-81.881,2010-12-20,6.2,0.93969,-0.34202,8
26.404,-81.881,2010-12-21,3.6,0.93969,0.34202,8
26.404,-81.881,2010-12-22,3.1,0.34202,-0.93969,8
26.404,-81.881,2010-12-23,2.6,-0.64279,-0.76604,8
26.404,-81.881,2010-12-24,2.6,0.86603,-0.5,8
26.404,-81.881,2010-12-25,3.1,1.0,0.0,8
26.404,-81.881,2010-12-26,6.2,-1.0,0.0,8
26.404,-81.881,2010-12-27,5.7,0.76604,-0.64279,8
26.404,-81.881,2010-12-28,4.1,0.76604,-0.64279,8
26.404,-81.881,2010-12-29,3.1,0.76604,-0.64279,8
26.404,-81.881,2010-12-30,2.1,0.86603,-0.5,8
27.6346,-97.237,2010-12-01,8.7,0.76604,-0.64279,15
27.6346,-97.237,2010-12-02,2.6,-0.64279,0.76604,15
27.6346,-97.237,2010-12-03,2.1,-0.34202,0.93969,15
27.6346,-97.237,2010-12-04,3.6,-0.64279,0.76604,15
27.6346,-97.237,2010-12-05,4.1,-0.64279,0.76604,15
27.6346,-97.237,2010-12-06,5.1,1.0,0.0,15
27.6346,-97.237,2010-12-07,3.6,0.93969,0.34202,15
27.6346,-97.237,2010-12-08,4.6,-0.64279,0.76604,15
27.6346,-97.237,2010-12-09,4.6,0.98481,0.17365,15
27.6346,-97.237,2010-12-10,5.7,-0.86603,0.5,15
27.6346,-97.237,2010-12-11,5.7,-0.86603,0.5,15
27.6346,-97.237,2010-12-12,8.2,0.86603,-0.5,15
27.6346,-97.237,2010-12-13,8.2,0.86603,-0.5,15
27.6346,-97.237,2010-12-14,2.6,-0.5,0.86603,15
27.6346,-97.237,2010-12-15,6.7,-0.86603,0.5,15
27.6346,-97.237,2010-12-16,7.7,-0.86603,0.5,15
27.6346,-97.237,2010-12-17,3.1,0.93969,-0.34202,15
27.6346,-97.237,2010-12-18,8.7,0.86603,-0.5,15
27.6346,-97.237,2010-12-19,3.1,0.64279,0.76604,15
27.6346,-97.237,2010-12-20,3.1,-0.17365,0.98481,15
27.6346,-97.237,2010-12-21,7.2,-0.76604,0.64279,15
27.6346,-97.237,2010-12-22,5.7,-0.76604,0.64279,15
27.6346,-97.237,2010-12-23,5.1,0.17365,0.98481,15
27.6346,-97.237,2010-12-24,4.6,-0.17365,0.98481,15
27.6346,-97.237,2010-12-25,4.1,-0.76604,0.64279,15
27.6346,-97.237,2010-12-26,9.3,0.98481,-0.17365,15
27.6346,-97.237,2010-12-27,2.6,0.17365,0.98481,15
27.6346,-97.237,2010-12-28,6.2,-0.5,0.86603,15
27.6346,-97.237,2010-12-29,8.2,-0.64279,0.76604,15
27.6346,-97.237,2010-12-30,7.7,-0.93969,0.34202,15
27.907,-95.353,2010-12-01,8.7,0.86603,-0.5,22
27.907,-95.353,2010-12-02,6.7,0.93969,-0.34202,22
27.907,-95.353,2010-12-03,3.6,0.64279,-0.76604,22
27.907,-95.353,2010-12-04,4.6,-0.34202,-0.93969,22
27.907,-95.353,2010-12-05,7.7,-0.5,-0.86603,22
27.907,-95.353,2010-12-06,9.8,0.98481,-0.17365,22
27.907,-95.353,2010-12-07,8.7,0.76604,-0.64279,22
27.907,-95.353,2010-12-08,3.6,0.86603,-0.5,22
27.907,-95.353,2010-12-09,8.7,0.98481,0.17365,22
27.907,-95.353,2010-12-10,1.5,0.76604,0.64279,22
27.907,-95.353,2010-12-11,1.5,0.34202,0.93969,22
27.907,-95.353,2010-12-12,8.7,-0.86603,-0.5,22
27.907,-95.353,2010-12-13,13.9,0.64279,-0.76604,22
27.907,-95.353,2010-12-14,8.7,0.86603,-0.5,22
27.907,-95.353,2010-12-15,2.6,0.5,-0.86603,22
27.907,-95.353,2010-12-16,9.8,-1.0,0.0,22
27.907,-95.353,2010-12-17,2.6,-0.5,-0.86603,22
27.907,-95.353,2010-12-18,6.7,0.93969,0.34202,22
27.907,-95.353,2010-12-19,9.8,0.98481,-0.17365,22
27.907,-95.353,2010-12-20,5.7,1.0,0.0,22
27.907,-95.353,2010-12-21,3.6,-0.76604,0.64279,22
27.907,-95.353,2010-12-22,5.7,-0.86603,-0.5,22
27.907,-95.353,2010-12-23,3.6,0.17365,-0.98481,22
27.907,-95.353,2010-12-24,6.7,1.0,0.0,22
27.907,-95.353,2010-12-25,2.6,0.5,0.86603,22
27.907,-95.353,2010-12-26,14.9,0.86603,-0.5,22
27.907,-95.353,2010-12-27,9.8,0.86603,-0.5,22
27.907,-95.353,2010-12-28,6.7,0.64279,-0.76604,22
27.907,-95.353,2010-12-29,0.5,-0.5,-0.86603,22
27.907,-95.353,2010-12-30,7.7,-0.76604,0.64279,22
27.8903,-94.0367,2010-12-01,12.16868933,0.89492,-0.44623,20
27.8903,-94.0367,2010-12-02,2.653337521,-0.41835,0.90829,20
27.8903,-94.0367,2010-12-03,4.961370778,-0.75383,0.65707,20
27.8903,-94.0367,2010-12-04,5.006395909,-0.92682,0.37552,20
27.8903,-94.0367,2010-12-05,3.045406377,-0.32508,-0.94569,20
27.8903,-94.0367,2010-12-06,8.697919291,0.76225,0.64728,20
27.8903,-94.0367,2010-12-07,7.008801609,0.90173,0.43231,20
27.8903,-94.0367,2010-12-08,6.439394381,-0.61652,0.78734,20
27.8903,-94.0367,2010-12-09,9.787997752,0.98897,0.14814,20
27.8903,-94.0367,2010-12-10,6.395951845,-0.9678,0.25172,20
27.8903,-94.0367,2010-12-11,8.543629205,-0.98319,0.18259,20
27.8903,-94.0367,2010-12-12,10.57820401,-0.83001,-0.55775,20
27.8903,-94.0367,2010-12-13,11.90391532,0.75101,-0.66029,20
27.8903,-94.0367,2010-12-14,3.042515407,0.78882,0.61462,20
27.8903,-94.0367,2010-12-15,8.605300692,-0.9715,0.23706,20
27.8903,-94.0367,2010-12-16,10.84392918,-0.99779,-0.0664,20
27.8903,-94.0367,2010-12-17,3.134661066,-0.94109,-0.33816,20
27.8903,-94.0367,2010-12-18,7.512423045,0.53645,0.84393,20
27.8903,-94.0367,2010-12-19,6.46611166,0.99132,0.13145,20
27.8903,-94.0367,2010-12-20,4.348470996,-0.42314,0.90606,20
27.8903,-94.0367,2010-12-21,8.385875029,-0.95637,0.29215,20
27.8903,-94.0367,2010-12-22,5.188689623,-0.9964,-0.0848,20
27.8903,-94.0367,2010-12-23,1.469863939,0.50345,0.86402,20
27.8903,-94.0367,2010-12-24,7.270440152,-0.01101,0.99994,20
27.8903,-94.0367,2010-12-25,6.941131032,-0.68145,0.73187,20
27.8903,-94.0367,2010-12-26,12.01802812,0.98103,-0.19388,20
27.8903,-94.0367,2010-12-27,5.256006088,0.98173,-0.19026,20
27.8903,-94.0367,2010-12-28,8.124069177,-0.56376,0.82594,20
27.8903,-94.0367,2010-12-29,9.616075083,-0.77475,0.63227,20
27.8903,-94.0367,2010-12-30,10.24033691,-0.99899,0.04492,20
27.8966,-93.5973,2010-12-01,11.32920121,0.9427,-0.33365,21
27.8966,-93.5973,2010-12-02,2.923302926,-0.15052,0.98861,21
27.8966,-93.5973,2010-12-03,1.490536816,-0.99964,-0.02684,21
27.8966,-93.5973,2010-12-04,5.266393453,-0.93043,0.36647,21
27.8966,-93.5973,2010-12-05,3.614484749,-0.42606,-0.90469,21
27.8966,-93.5973,2010-12-06,9.392449095,0.77722,0.62922,21
27.8966,-93.5973,2010-12-07,6.681444455,0.89651,0.44301,21
27.8966,-93.5973,2010-12-08,6.270901052,-0.55654,0.83082,21
27.8966,-93.5973,2010-12-09,9.790658813,0.95091,0.30947,21
27.8966,-93.5973,2010-12-10,4.980491944,-0.91758,0.39755,21
27.8966,-93.5973,2010-12-11,8.302252706,-0.99371,0.11201,21
27.8966,-93.5973,2010-12-12,9.272869027,-0.74842,-0.66323,21
27.8966,-93.5973,2010-12-13,13.19554849,0.78587,-0.61839,21
27.8966,-93.5973,2010-12-14,3.952138662,0.74643,0.66546,21
27.8966,-93.5973,2010-12-15,8.373768566,-0.97447,0.22451,21
27.8966,-93.5973,2010-12-16,10.56170441,-0.99416,-0.10794,21
27.8966,-93.5973,2010-12-17,1.448999655,-0.89717,0.44168,21
27.8966,-93.5973,2010-12-18,8.096672156,0.57926,0.81515,21
27.8966,-93.5973,2010-12-19,6.06011551,0.99833,0.05775,21
27.8966,-93.5973,2010-12-20,4.941588813,-0.38045,0.9248,21
27.8966,-93.5973,2010-12-21,8.506191862,-0.97811,0.20808,21
27.8966,-93.5973,2010-12-22,5.121298663,-0.98803,-0.15426,21
27.8966,-93.5973,2010-12-23,0.857029754,0.94513,0.32671,21
27.8966,-93.5973,2010-12-24,7.430168235,0.00674,0.99998,21
27.8966,-93.5973,2010-12-25,6.040298006,-0.85427,0.51984,21
27.8966,-93.5973,2010-12-26,13.11168181,0.94496,-0.32719,21
27.8966,-93.5973,2010-12-27,5.456189146,0.99703,0.07697,21
27.8966,-93.5973,2010-12-28,7.477519642,-0.45203,0.892,21
27.8966,-93.5973,2010-12-29,8.546870772,-0.80849,0.58852,21
27.8966,-93.5973,2010-12-30,12.74124405,-0.99127,0.13185,21
27.795,-90.648,2010-12-01,11.0,0.86603,-0.5,17
27.795,-90.648,2010-12-02,5.0,0.76604,0.64279,17
27.795,-90.648,2010-12-03,4.0,0.86603,0.5,17
27.795,-90.648,2010-12-04,2.0,-0.34202,0.93969,17
27.795,-90.648,2010-12-05,7.0,-0.64279,-0.76604,17
27.795,-90.648,2010-12-06,10.0,0.93969,0.34202,17
27.795,-90.648,2010-12-07,6.0,1.0,0.0,17
27.795,-90.648,2010-12-08,3.0,0.34202,0.93969,17
27.795,-90.648,2010-12-09,15.0,0.98481,0.17365,17
27.795,-90.648,2010-12-10,3.0,0.34202,0.93969,17
27.795,-90.648,2010-12-11,6.0,-0.76604,0.64279,17
27.795,-90.648,2010-12-12,12.0,-0.98481,-0.17365,17
27.795,-90.648,2010-12-13,18.0,0.76604,-0.64279,17
27.795,-90.648,2010-12-14,11.0,0.93969,-0.34202,17
27.795,-90.648,2010-12-15,2.0,0.17365,0.98481,17
27.795,-90.648,2010-12-16,12.0,-0.86603,0.5,17
27.795,-90.648,2010-12-17,10.0,-0.76604,-0.64279,17
27.795,-90.648,2010-12-18,7.0,0.64279,0.76604,17
27.795,-90.648,2010-12-19,7.0,1.0,0.0,17
27.795,-90.648,2010-12-20,6.0,0.86603,0.5,17
27.795,-90.648,2010-12-21,7.0,-0.86603,0.5,17
27.795,-90.648,2010-12-22,7.0,-0.93969,-0.34202,17
27.795,-90.648,2010-12-23,3.0,0.5,-0.86603,17
27.795,-90.648,2010-12-24,7.0,0.76604,0.64279,17
27.795,-90.648,2010-12-25,4.0,-0.17365,0.98481,17
27.795,-90.648,2010-12-26,15.0,0.93969,-0.34202,17
27.795,-90.648,2010-12-27,9.0,0.98481,-0.17365,17
27.795,-90.648,2010-12-28,2.0,0.76604,0.64279,17
27.795,-90.648,2010-12-29,2.0,-0.5,0.86603,17
27.795,-90.648,2010-12-30,16.0,-0.93969,0.34202,17
27.54,-82.74,2010-12-01,3.6,-0.98481,-0.17365,13
27.54,-82.74,2010-12-02,10.3,0.98481,-0.17365,13
27.54,-82.74,2010-12-03,7.7,0.98481,-0.17365,13
27.54,-82.74,2010-12-04,7.2,0.93969,-0.34202,13
27.54,-82.74,2010-12-05,2.6,0.0,-1.0,13
27.54,-82.74,2010-12-06,9.8,0.86603,-0.5,13
27.54,-82.74,2010-12-07,10.3,0.76604,-0.64279,13
27.54,-82.74,2010-12-08,7.2,0.64279,-0.76604,13
27.54,-82.74,2010-12-09,5.7,1.0,0.0,13
27.54,-82.74,2010-12-10,7.7,0.98481,-0.17365,13
27.54,-82.74,2010-12-11,6.2,0.98481,-0.17365,13
27.54,-82.74,2010-12-12,2.6,0.17365,0.98481,13
27.54,-82.74,2010-12-13,10.8,0.17365,-0.98481,13
27.54,-82.74,2010-12-14,12.9,0.76604,-0.64279,13
27.54,-82.74,2010-12-15,5.1,0.98481,-0.17365,13
27.54,-82.74,2010-12-16,2.6,0.5,-0.86603,13
27.54,-82.74,2010-12-17,3.1,-0.93969,0.34202,13
27.54,-82.74,2010-12-18,4.6,-0.86603,0.5,13
27.54,-82.74,2010-12-19,5.7,0.64279,-0.76604,13
27.54,-82.74,2010-12-20,8.7,0.93969,-0.34202,13
27.54,-82.74,2010-12-21,3.1,0.86603,-0.5,13
27.54,-82.74,2010-12-22,1.0,-0.5,0.86603,13
27.54,-82.74,2010-12-23,2.6,-0.34202,-0.93969,13
27.54,-82.74,2010-12-24,7.7,0.93969,-0.34202,13
27.54,-82.74,2010-12-25,4.6,0.86603,-0.5,13
27.54,-82.74,2010-12-26,5.1,-0.93969,0.34202,13
27.54,-82.74,2010-12-27,12.3,0.76604,-0.64279,13
27.54,-82.74,2010-12-28,7.7,0.86603,-0.5,13
27.54,-82.74,2010-12-29,5.1,0.93969,-0.34202,13
27.54,-82.74,2010-12-30,3.1,0.86603,-0.5,13
28.4073,-96.7122,2010-12-01,1.5,1.0,0.0,27
28.4073,-96.7122,2010-12-02,3.1,-0.5,0.86603,27
28.4073,-96.7122,2010-12-03,2.6,0.0,1.0,27
28.4073,-96.7122,2010-12-04,2.6,-0.34202,0.93969,27
28.4073,-96.7122,2010-12-05,2.6,-0.5,0.86603,27
28.4073,-96.7122,2010-12-06,3.1,1.0,0.0,27
28.4073,-96.7122,2010-12-07,1.0,0.86603,0.5,27
28.4073,-96.7122,2010-12-08,3.6,-0.17365,0.98481,27
28.4073,-96.7122,2010-12-09,1.0,0.5,0.86603,27
28.4073,-96.7122,2010-12-10,3.1,-0.64279,0.76604,27
28.4073,-96.7122,2010-12-11,3.6,-0.5,0.86603,27
28.4073,-96.7122,2010-12-12,5.1,0.64279,-0.76604,27
28.4073,-96.7122,2010-12-13,2.6,0.86603,-0.5,27
28.4073,-96.7122,2010-12-14,2.6,0.0,1.0,27
28.4073,-96.7122,2010-12-15,5.7,-0.5,0.86603,27
28.4073,-96.7122,2010-12-16,7.7,-0.76604,0.64279,27
28.4073,-96.7122,2010-12-17,4.6,0.98481,-0.17365,27
28.4073,-96.7122,2010-12-18,3.6,0.93969,-0.34202,27
28.4073,-96.7122,2010-12-19,1.0,0.64279,0.76604,27
28.4073,-96.7122,2010-12-20,2.1,0.34202,0.93969,27
28.4073,-96.7122,2010-12-21,6.2,-0.34202,0.93969,27
28.4073,-96.7122,2010-12-22,3.1,-0.17365,0.98481,27
28.4073,-96.7122,2010-12-23,3.1,0.17365,0.98481,27
28.4073,-96.7122,2010-12-24,5.1,0.64279,0.76604,27
28.4073,-96.7122,2010-12-25,3.6,-0.34202,0.93969,27
28.4073,-96.7122,2010-12-26,4.6,0.93969,-0.34202,27
28.4073,-96.7122,2010-12-27,1.0,0.5,0.86603,27
28.4073,-96.7122,2010-12-28,2.6,0.5,0.86603,27
28.4073,-96.7122,2010-12-29,7.2,-0.17365,0.98481,27
28.4073,-96.7122,2010-12-30,4.1,-0.93969,0.34202,27
28.9818,-94.9186,2010-12-01,8.479257043,0.81021,-0.58614,34
28.9818,-94.9186,2010-12-02,3.014000664,-0.93231,-0.36165,34
28.9818,-94.9186,2010-12-03,5.0009999,-0.81184,0.58388,34
28.9818,-94.9186,2010-12-04,4.233308399,-0.99213,-0.1252,34
28.9818,-94.9186,2010-12-05,3.452187712,-0.7937,-0.60831,34
28.9818,-94.9186,2010-12-06,7.820594607,0.73652,0.67642,34
28.9818,-94.9186,2010-12-07,4.876935513,0.99858,-0.05332,34
28.9818,-94.9186,2010-12-08,6.040802927,-0.62409,0.78135,34
28.9818,-94.9186,2010-12-09,7.121629027,0.94641,0.32296,34
28.9818,-94.9186,2010-12-10,7.092940152,-0.99677,-0.08037,34
28.9818,-94.9186,2010-12-11,3.447027705,-0.99796,0.06382,34
28.9818,-94.9186,2010-12-12,4.479464254,-0.18752,-0.98226,34
28.9818,-94.9186,2010-12-13,9.035153568,0.65079,-0.75926,34
28.9818,-94.9186,2010-12-14,3.519616456,-0.94897,0.31537,34
28.9818,-94.9186,2010-12-15,7.360387218,-0.99451,-0.10462,34
28.9818,-94.9186,2010-12-16,7.308433485,-0.97695,-0.21346,34
28.9818,-94.9186,2010-12-17,3.86374171,0.62375,-0.78163,34
28.9818,-94.9186,2010-12-18,7.837327351,0.74133,0.67114,34
28.9818,-94.9186,2010-12-19,4.847927392,0.8911,0.4538,34
28.9818,-94.9186,2010-12-20,7.270577694,-0.32735,0.9449,34
28.9818,-94.9186,2010-12-21,5.28000947,-1.0,0.00189,34
28.9818,-94.9186,2010-12-22,2.966546814,-0.94386,-0.33035,34
28.9818,-94.9186,2010-12-23,2.51001992,-0.83267,0.55378,34
28.9818,-94.9186,2010-12-24,6.683210306,-0.06285,0.99802,34
28.9818,-94.9186,2010-12-25,4.567986427,-0.83407,0.55166,34
28.9818,-94.9186,2010-12-26,11.83360047,0.96843,-0.24929,34
28.9818,-94.9186,2010-12-27,3.036906321,0.99443,0.10537,34
28.9818,-94.9186,2010-12-28,9.30089243,-0.56877,0.8225,34
28.9818,-94.9186,2010-12-29,7.066540879,-0.90002,0.43585,34
28.9818,-94.9186,2010-12-30,4.139432328,-0.9494,-0.31406,34
28.8667,-90.4833,2010-12-01,13.52,0.73135,-0.682,33
28.8667,-90.4833,2010-12-02,2.419,0.89101,-0.45399,33
28.8667,-90.4833,2010-12-03,2.209,-0.62932,0.77715,33
28.8667,-90.4833,2010-12-04,2.168,-0.96593,-0.25882,33
28.8667,-90.4833,2010-12-05,4.124,0.05234,-0.99863,33
28.8667,-90.4833,2010-12-06,11.19,0.9703,0.24192,33
28.8667,-90.4833,2010-12-07,1.013,0.89101,-0.45399,33
28.8667,-90.4833,2010-12-08,2.501,0.45399,0.89101,33
28.8667,-90.4833,2010-12-09,11.56,0.96593,0.25882,33
28.8667,-90.4833,2010-12-10,3.911,-0.35837,0.93358,33
28.8667,-90.4833,2010-12-11,6.787,-0.57358,0.81915,33
28.8667,-90.4833,2010-12-12,9.99,-0.93969,-0.34202,33
28.8667,-90.4833,2010-12-13,15.72,0.75471,-0.65606,33
28.8667,-90.4833,2010-12-14,7.19,0.89879,-0.43837,33
28.8667,-90.4833,2010-12-15,4.379,-0.43837,0.89879,33
28.8667,-90.4833,2010-12-16,7.45,-0.98481,0.17365,33
28.8667,-90.4833,2010-12-17,4.913,-0.97815,-0.20791,33
28.8667,-90.4833,2010-12-18,9.28,0.79864,0.60182,33
28.8667,-90.4833,2010-12-19,5.535,0.99619,0.08716,33
28.8667,-90.4833,2010-12-20,6.164,0.61566,0.78801,33
28.8667,-90.4833,2010-12-21,7.78,-0.89879,0.43837,33
28.8667,-90.4833,2010-12-22,7.43,-0.97437,-0.22495,33
28.8667,-90.4833,2010-12-23,7.07,0.37461,-0.92718,33
28.8667,-90.4833,2010-12-24,6.609,0.682,0.73135,33
28.8667,-90.4833,2010-12-25,6.381,0.55919,0.82904,33
28.8667,-90.4833,2010-12-26,13.97,0.93358,-0.35837,33
28.8667,-90.4833,2010-12-27,5.351,0.98769,-0.15643,33
28.8667,-90.4833,2010-12-28,2.263,0.96593,0.25882,33
28.8667,-90.4833,2010-12-29,4.325,-0.22495,0.97437,33
28.8667,-90.4833,2010-12-30,13.13,-0.70711,0.70711,33
28.191,-88.496,2010-12-01,13.9,0.9563,-0.29237,25
28.191,-88.496,2010-12-02,6.8,0.96593,0.25882,25
28.191,-88.496,2010-12-03,2.8,0.77715,0.62932,25
28.191,-88.496,2010-12-04,0.9,0.39073,-0.9205,25
28.191,-88.496,2010-12-05,1.8,-0.12187,-0.99255,25
28.191,-88.496,2010-12-06,9.0,0.98769,0.15643,25
28.191,-88.496,2010-12-07,9.6,0.99939,-0.0349,25
28.191,-88.496,2010-12-08,3.1,0.51504,0.85717,25
28.191,-88.496,2010-12-09,12.2,0.89101,0.45399,25
28.191,-88.496,2010-12-10,4.8,-0.10453,0.99452,25
28.191,-88.496,2010-12-11,2.5,-0.66913,0.74314,25
28.191,-88.496,2010-12-12,8.3,-0.93358,-0.35837,25
28.191,-88.496,2010-12-13,17.8,0.87462,-0.48481,25
28.191,-88.496,2010-12-14,10.9,0.98481,-0.17365,25
28.191,-88.496,2010-12-15,2.0,0.5,0.86603,25
28.191,-88.496,2010-12-16,7.9,-0.99452,0.10453,25
28.191,-88.496,2010-12-17,5.2,-0.84805,-0.52992,25
28.191,-88.496,2010-12-18,4.8,0.30902,0.95106,25
28.191,-88.496,2010-12-19,8.9,0.99756,0.06976,25
28.191,-88.496,2010-12-20,6.4,0.66913,0.74314,25
28.191,-88.496,2010-12-21,3.7,-0.99863,0.05234,25
28.191,-88.496,2010-12-22,7.6,-0.9563,-0.29237,25
28.191,-88.496,2010-12-23,7.6,0.57358,-0.81915,25
28.191,-88.496,2010-12-24,6.1,0.5,0.86603,25
28.191,-88.496,2010-12-25,2.2,-0.75471,0.65606,25
28.191,-88.496,2010-12-26,16.1,0.99255,-0.12187,25
28.191,-88.496,2010-12-27,10.8,0.90631,-0.42262,25
28.191,-88.496,2010-12-28,4.4,0.99027,0.13917,25
28.191,-88.496,2010-12-29,2.5,0.42262,0.90631,25
28.191,-88.496,2010-12-30,8.2,-0.9703,-0.24192,25
28.739,-86.006,2010-12-01,7.7,-0.98481,0.17365,31
28.739,-86.006,2010-12-02,8.7,0.98481,-0.17365,31
28.739,-86.006,2010-12-03,6.7,1.0,0.0,31
28.739,-86.006,2010-12-04,2.6,0.93969,-0.34202,31
28.739,-86.006,2010-12-05,8.7,0.0,-1.0,31
28.739,-86.006,2010-12-06,8.7,0.93969,-0.34202,31
28.739,-86.006,2010-12-07,9.8,0.76604,-0.64279,31
28.739,-86.006,2010-12-08,6.7,0.76604,-0.64279,31
28.739,-86.006,2010-12-09,5.7,0.98481,0.17365,31
28.739,-86.006,2010-12-10,6.7,0.86603,0.5,31
28.739,-86.006,2010-12-11,5.7,0.98481,0.17365,31
28.739,-86.006,2010-12-12,2.6,-0.98481,0.17365,31
28.739,-86.006,2010-12-13,15.9,0.5,-0.86603,31
28.739,-86.006,2010-12-14,12.9,0.76604,-0.64279,31
28.739,-86.006,2010-12-15,6.7,0.86603,-0.5,31
28.739,-86.006,2010-12-16,2.6,-0.98481,-0.17365,31
28.739,-86.006,2010-12-17,6.7,-0.98481,0.17365,31
28.739,-86.006,2010-12-18,2.6,-0.64279,0.76604,31
28.739,-86.006,2010-12-19,6.7,0.86603,-0.5,31
28.739,-86.006,2010-12-20,7.7,1.0,0.0,31
28.739,-86.006,2010-12-21,2.6,0.5,0.86603,31
28.739,-86.006,2010-12-22,3.6,-0.98481,-0.17365,31
28.739,-86.006,2010-12-23,6.7,0.34202,-0.93969,31
28.739,-86.006,2010-12-24,6.7,0.86603,0.5,31
28.739,-86.006,2010-12-25,3.6,0.34202,0.93969,31
28.739,-86.006,2010-12-26,10.8,-0.64279,-0.76604,31
28.739,-86.006,2010-12-27,14.9,0.76604,-0.64279,31
28.739,-86.006,2010-12-28,6.7,0.76604,-0.64279,31
28.739,-86.006,2010-12-29,3.6,0.93969,-0.34202,31
28.739,-86.006,2010-12-30,3.6,-0.34202,0.93969,31
28.5,-84.517,2010-12-01,10.8,0.76604,-0.64279,30
28.5,-84.517,2010-12-02,1.5,-0.98481,-0.17365,30
28.5,-84.517,2010-12-03,4.6,-0.76604,0.64279,30
28.5,-84.517,2010-12-04,3.6,-0.93969,0.34202,30
28.5,-84.517,2010-12-05,2.6,-0.93969,-0.34202,30
28.5,-84.517,2010-12-06,7.7,0.93969,0.34202,30
28.5,-84.517,2010-12-07,4.6,1.0,0.0,30
28.5,-84.517,2010-12-08,6.7,-0.5,0.86603,30
28.5,-84.517,2010-12-09,6.7,0.98481,0.17365,30
28.5,-84.517,2010-12-10,6.7,-0.98481,0.17365,30
28.5,-84.517,2010-12-11,5.7,-0.76604,0.64279,30
28.5,-84.517,2010-12-12,5.7,-0.76604,-0.64279,30
28.5,-84.517,2010-12-13,11.8,0.76604,-0.64279,30
28.5,-84.517,2010-12-14,1.5,-0.98481,-0.17365,30
28.5,-84.517,2010-12-15,5.7,-0.98481,0.17365,30
28.5,-84.517,2010-12-16,3.6,-0.93969,0.34202,30
28.5,-84.517,2010-12-17,2.6,-0.98481,0.17365,30
28.5,-84.517,2010-12-18,8.7,0.76604,0.64279,30
28.5,-84.517,2010-12-19,0.5,0.86603,0.5,30
28.5,-84.517,2010-12-20,7.7,-0.34202,0.93969,30
28.5,-84.517,2010-12-21,5.7,-0.86603,0.5,30
28.5,-84.517,2010-12-22,3.6,-0.98481,-0.17365,30
28.5,-84.517,2010-12-23,2.6,-1.0,0.0,30
28.5,-84.517,2010-12-24,7.7,0.17365,0.98481,30
28.5,-84.517,2010-12-25,4.6,-0.5,0.86603,30
28.5,-84.517,2010-12-26,13.9,0.98481,-0.17365,30
28.5,-84.517,2010-12-27,3.6,0.76604,-0.64279,30
28.5,-84.517,2010-12-28,9.8,-0.34202,0.93969,30
28.5,-84.517,2010-12-29,4.6,-0.64279,0.76604,30
28.5,-84.517,2010-12-30,4.6,-0.93969,0.34202,30
28.193,-82.789,2010-12-01,3.1,-0.98481,-0.17365,26
28.193,-82.789,2010-12-02,9.8,0.86603,-0.5,26
28.193,-82.789,2010-12-03,6.7,0.93969,-0.34202,26
28.193,-82.789,2010-12-04,5.1,0.76604,-0.64279,26
28.193,-82.789,2010-12-05,3.1,-0.93969,-0.34202,26
28.193,-82.789,2010-12-06,10.3,0.64279,-0.76604,26
28.193,-82.789,2010-12-07,8.2,0.64279,-0.76604,26
28.193,-82.789,2010-12-08,6.7,0.5,-0.86603,26
28.193,-82.789,2010-12-09,7.2,0.98481,-0.17365,26
28.193,-82.789,2010-12-10,5.1,0.98481,0.17365,26
28.193,-82.789,2010-12-11,5.7,1.0,0.0,26
28.193,-82.789,2010-12-12,1.0,-0.98481,0.17365,26
28.193,-82.789,2010-12-13,12.3,-0.17365,-0.98481,26
28.193,-82.789,2010-12-14,12.3,0.64279,-0.76604,26
28.193,-82.789,2010-12-15,4.1,0.86603,-0.5,26
28.193,-82.789,2010-12-16,1.0,0.98481,0.17365,26
28.193,-82.789,2010-12-17,3.1,-0.64279,0.76604,26
28.193,-82.789,2010-12-18,2.6,-0.76604,0.64279,26
28.193,-82.789,2010-12-19,3.6,0.98481,0.17365,26
28.193,-82.789,2010-12-20,7.2,0.98481,-0.17365,26
28.193,-82.789,2010-12-21,4.1,0.98481,0.17365,26
28.193,-82.789,2010-12-22,2.1,-0.76604,0.64279,26
28.193,-82.789,2010-12-23,4.1,-0.86603,-0.5,26
28.193,-82.789,2010-12-24,7.2,0.98481,-0.17365,26
28.193,-82.789,2010-12-25,4.1,0.98481,-0.17365,26
28.193,-82.789,2010-12-26,6.2,-0.93969,0.34202,26
28.193,-82.789,2010-12-27,12.3,0.5,-0.86603,26
28.193,-82.789,2010-12-28,6.2,0.76604,-0.64279,26
28.193,-82.789,2010-12-29,3.1,0.86603,-0.5,26
28.193,-82.789,2010-12-30,1.0,0.98481,0.17365,26
29.232,-94.413,2010-12-01,10.8,1.0,0.0,39
29.232,-94.413,2010-12-02,3.6,-0.5,0.86603,39
29.232,-94.413,2010-12-03,4.6,-0.86603,0.5,39
29.232,-94.413,2010-12-04,7.7,-0.86603,0.5,39
29.232,-94.413,2010-12-05,6.7,-0.98481,0.17365,39
29.232,-94.413,2010-12-06,9.8,0.93969,0.34202,39
29.232,-94.413,2010-12-07,4.6,0.64279,0.76604,39
29.232,-94.413,2010-12-08,8.7,-0.76604,0.64279,39
29.232,-94.413,2010-12-09,8.7,1.0,0.0,39
29.232,-94.413,2010-12-10,7.7,-0.98481,0.17365,39
29.232,-94.413,2010-12-11,9.8,-1.0,0.0,39
29.232,-94.413,2010-12-12,9.8,-0.93969,-0.34202,39
29.232,-94.413,2010-12-13,7.7,0.86603,-0.5,39
29.232,-94.413,2010-12-14,3.6,-0.34202,0.93969,39
29.232,-94.413,2010-12-15,10.8,-0.93969,0.34202,39
29.232,-94.413,2010-12-16,9.8,-1.0,0.0,39
29.232,-94.413,2010-12-17,2.6,-0.76604,0.64279,39
29.232,-94.413,2010-12-18,9.8,0.98481,-0.17365,39
29.232,-94.413,2010-12-19,5.7,0.93969,0.34202,39
29.232,-94.413,2010-12-20,5.7,-0.86603,0.5,39
29.232,-94.413,2010-12-21,5.7,-0.93969,0.34202,39
29.232,-94.413,2010-12-22,4.6,-0.93969,0.34202,39
29.232,-94.413,2010-12-23,5.7,-0.34202,0.93969,39
29.232,-94.413,2010-12-24,7.7,-0.76604,0.64279,39
29.232,-94.413,2010-12-25,5.7,-0.64279,0.76604,39
29.232,-94.413,2010-12-26,9.8,0.98481,-0.17365,39
29.232,-94.413,2010-12-27,2.6,0.76604,0.64279,39
29.232,-94.413,2010-12-28,8.7,-0.76604,0.64279,39
29.232,-94.413,2010-12-29,12.9,-0.64279,0.76604,39
29.232,-94.413,2010-12-30,10.8,-0.98481,-0.17365,39
29.4412,-92.0613,2010-12-01,9.28,0.93969,-0.34202,42
29.4412,-92.0613,2010-12-02,1.118,-0.79864,-0.60182,42
29.4412,-92.0613,2010-12-03,4.963,-0.89879,0.43837,42
29.4412,-92.0613,2010-12-04,3.492,-0.99452,0.10453,42
29.4412,-92.0613,2010-12-05,4.6,-0.51504,-0.85717,42
29.4412,-92.0613,2010-12-06,6.123,0.91355,0.40674,42
29.4412,-92.0613,2010-12-07,5.197,0.99985,-0.01745,42
29.4412,-92.0613,2010-12-08,3.048,-0.92718,0.37461,42
29.4412,-92.0613,2010-12-09,5.174,0.9205,0.39073,42
29.4412,-92.0613,2010-12-10,3.303,-0.99756,0.06976,42
29.4412,-92.0613,2010-12-11,7.73,-0.64279,0.76604,42
29.4412,-92.0613,2010-12-12,4.855,-0.60182,-0.79864,42
29.4412,-92.0613,2010-12-13,12.62,0.93358,-0.35837,42
29.4412,-92.0613,2010-12-14,4.21,0.99863,-0.05234,42
29.4412,-92.0613,2010-12-15,9.18,-0.83867,0.54464,42
29.4412,-92.0613,2010-12-16,4.912,-0.99452,-0.10453,42
29.4412,-92.0613,2010-12-17,1.795,-0.65606,-0.75471,42
29.4412,-92.0613,2010-12-18,3.994,0.76604,0.64279,42
29.4412,-92.0613,2010-12-19,3.735,0.98163,0.19081,42
29.4412,-92.0613,2010-12-20,2.515,-0.99756,-0.06976,42
29.4412,-92.0613,2010-12-21,6.78,-0.83867,0.54464,42
29.4412,-92.0613,2010-12-22,1.624,-0.71934,-0.69466,42
29.4412,-92.0613,2010-12-23,4.817,-0.01745,-0.99985,42
29.4412,-92.0613,2010-12-24,2.744,0.60182,0.79864,42
29.4412,-92.0613,2010-12-25,5.222,-0.62932,0.77715,42
29.4412,-92.0613,2010-12-26,14.94,0.97815,-0.20791,42
29.4412,-92.0613,2010-12-27,5.64,0.98163,0.19081,42
29.4412,-92.0613,2010-12-28,3.374,-0.54464,0.83867,42
29.4412,-92.0613,2010-12-29,7.19,-0.51504,0.85717,42
29.4412,-92.0613,2010-12-30,10.46,-0.80902,0.58779,42
29.2533,-90.6633,2010-12-01,8.7,0.5,-0.86603,40
29.2533,-90.6633,2010-12-02,3.1,-0.76604,-0.64279,40
29.2533,-90.6633,2010-12-03,2.6,-0.76604,0.64279,40
29.2533,-90.6633,2010-12-04,2.1,-1.0,0.0,40
29.2533,-90.6633,2010-12-05,3.1,-0.76604,-0.64279,40
29.2533,-90.6633,2010-12-06,5.7,0.93969,0.34202,40
29.2533,-90.6633,2010-12-07,3.6,0.93969,-0.34202,40
29.2533,-90.6633,2010-12-08,2.1,-0.76604,0.64279,40
29.2533,-90.6633,2010-12-09,4.6,0.93969,0.34202,40
29.2533,-90.6633,2010-12-10,2.1,-0.5,0.86603,40
29.2533,-90.6633,2010-12-11,2.6,0.17365,0.98481,40
29.2533,-90.6633,2010-12-12,5.1,-0.86603,-0.5,40
29.2533,-90.6633,2010-12-13,5.1,0.64279,-0.76604,40
29.2533,-90.6633,2010-12-14,3.6,0.93969,-0.34202,40
29.2533,-90.6633,2010-12-15,3.6,-0.93969,0.34202,40
29.2533,-90.6633,2010-12-16,4.1,-0.86603,0.5,40
29.2533,-90.6633,2010-12-17,2.6,-0.86603,-0.5,40
29.2533,-90.6633,2010-12-18,5.1,0.76604,0.64279,40
29.2533,-90.6633,2010-12-19,3.1,0.98481,0.17365,40
29.2533,-90.6633,2010-12-20,2.6,-0.34202,0.93969,40
29.2533,-90.6633,2010-12-21,2.1,-0.34202,0.93969,40
29.2533,-90.6633,2010-12-22,4.1,-0.93969,-0.34202,40
29.2533,-90.6633,2010-12-23,2.6,-0.17365,-0.98481,40
29.2533,-90.6633,2010-12-24,4.1,0.64279,0.76604,40
29.2533,-90.6633,2010-12-25,2.6,0.17365,0.98481,40
29.2533,-90.6633,2010-12-26,10.3,0.98481,-0.17365,40
29.2533,-90.6633,2010-12-27,5.1,0.86603,-0.5,40
29.2533,-90.6633,2010-12-28,1.5,-0.76604,0.64279,40
29.2533,-90.6633,2010-12-29,2.1,0.0,1.0,40
29.2533,-90.6633,2010-12-30,6.2,-0.5,0.86603,40
29.1015,-89.9782,2010-12-01,10.24,0.62932,-0.77715,36
29.1015,-89.9782,2010-12-02,4.818,0.98163,-0.19081,36
29.1015,-89.9782,2010-12-03,1.021,0.37461,-0.92718,36
29.1015,-89.9782,2010-12-04,3.22,-0.99939,0.0349,36
29.1015,-89.9782,2010-12-05,6.398,-0.43837,-0.89879,36
29.1015,-89.9782,2010-12-06,10.51,0.99939,0.0349,36
29.1015,-89.9782,2010-12-07,6.983,0.93969,-0.34202,36
29.1015,-89.9782,2010-12-08,2.179,0.69466,0.71934,36
29.1015,-89.9782,2010-12-09,11.26,0.97437,0.22495,36
29.1015,-89.9782,2010-12-10,3.685,0.10453,0.99452,36
29.1015,-89.9782,2010-12-11,4.987,-0.13917,0.99027,36
29.1015,-89.9782,2010-12-12,5.333,-0.9703,-0.24192,36
29.1015,-89.9782,2010-12-13,15.12,0.65606,-0.75471,36
29.1015,-89.9782,2010-12-14,7.42,0.93969,-0.34202,36
29.1015,-89.9782,2010-12-15,3.45,-0.32557,0.94552,36
29.1015,-89.9782,2010-12-16,6.978,-1.0,0.0,36
29.1015,-89.9782,2010-12-17,2.942,-0.94552,-0.32557,36
29.1015,-89.9782,2010-12-18,8.91,0.81915,0.57358,36
29.1015,-89.9782,2010-12-19,7.47,0.95106,-0.30902,36
29.1015,-89.9782,2010-12-20,4.924,0.66913,0.74314,36
29.1015,-89.9782,2010-12-21,6.041,-0.87462,0.48481,36
29.1015,-89.9782,2010-12-22,3.927,-0.97437,-0.22495,36
29.1015,-89.9782,2010-12-23,7.8,0.05234,-0.99863,36
29.1015,-89.9782,2010-12-24,6.269,0.78801,0.61566,36
29.1015,-89.9782,2010-12-25,6.077,0.60182,0.79864,36
29.1015,-89.9782,2010-12-26,18.43,0.96593,-0.25882,36
29.1015,-89.9782,2010-12-27,10.78,0.97437,-0.22495,36
29.1015,-89.9782,2010-12-28,3.069,0.99452,-0.10453,36
29.1015,-89.9782,2010-12-29,4.116,0.39073,0.9205,36
29.1015,-89.9782,2010-12-30,11.05,-0.77715,0.62932,36
29.06,-88.09,2010-12-01,9.0,0.64279,-0.76604,35
29.06,-88.09,2010-12-02,9.0,0.98481,-0.17365,35
29.06,-88.09,2010-12-03,4.0,1.0,0.0,35
29.06,-88.09,2010-12-04,0.0,1.0,0.0,35
29.06,-88.09,2010-12-05,2.0,0.5,-0.86603,35
29.06,-88.09,2010-12-06,14.0,1.0,0.0,35
29.06,-88.09,2010-12-07,8.0,0.86603,-0.5,35
29.06,-88.09,2010-12-08,4.0,0.98481,-0.17365,35
29.06,-88.09,2010-12-09,12.0,1.0,0.0,35
29.06,-88.09,2010-12-10,2.0,0.76604,0.64279,35
29.06,-88.09,2010-12-11,3.0,-0.34202,0.93969,35
29.06,-88.09,2010-12-12,12.0,-0.93969,-0.34202,35
29.06,-88.09,2010-12-13,7.0,0.5,-0.86603,35
29.06,-88.09,2010-12-14,10.0,0.86603,-0.5,35
29.06,-88.09,2010-12-15,2.0,0.93969,-0.34202,35
29.06,-88.09,2010-12-16,10.0,-0.98481,0.17365,35
29.06,-88.09,2010-12-17,8.0,-0.76604,-0.64279,35
29.06,-88.09,2010-12-18,7.0,0.86603,0.5,35
29.06,-88.09,2010-12-19,8.0,0.98481,-0.17365,35
29.06,-88.09,2010-12-20,8.0,0.93969,0.34202,35
29.06,-88.09,2010-12-21,5.0,-0.86603,0.5,35
29.06,-88.09,2010-12-22,9.0,-0.93969,-0.34202,35
29.06,-88.09,2010-12-23,0.0,1.0,0.0,35
29.06,-88.09,2010-12-24,6.0,0.98481,0.17365,35
29.06,-88.09,2010-12-25,3.0,-0.76604,0.64279,35
29.06,-88.09,2010-12-26,18.0,0.86603,-0.5,35
29.06,-88.09,2010-12-27,15.0,0.93969,-0.34202,35
29.06,-88.09,2010-12-28,4.0,0.86603,-0.5,35
29.06,-88.09,2010-12-29,0.0,1.0,0.0,35
29.06,-88.09,2010-12-30,9.0,-0.86603,0.5,35
29.857,-81.265,2010-12-01,11.8,-1.0,0.0,44
29.857,-81.265,2010-12-02,7.2,0.98481,-0.17365,44
29.857,-81.265,2010-12-03,6.2,1.0,0.0,44
29.857,-81.265,2010-12-04,4.6,0.34202,-0.93969,44
29.857,-81.265,2010-12-05,8.2,-0.34202,-0.93969,44
29.857,-81.265,2010-12-06,11.8,0.98481,-0.17365,44
29.857,-81.265,2010-12-07,10.3,0.76604,-0.64279,44
29.857,-81.265,2010-12-08,6.7,0.76604,-0.64279,44
29.857,-81.265,2010-12-09,7.7,1.0,0.0,44
29.857,-81.265,2010-12-10,5.1,0.93969,0.34202,44
29.857,-81.265,2010-12-11,4.6,0.86603,-0.5,44
29.857,-81.265,2010-12-12,5.1,-0.93969,0.34202,44
29.857,-81.265,2010-12-13,18.0,0.64279,-0.76604,44
29.857,-81.265,2010-12-14,12.3,0.86603,-0.5,44
29.857,-81.265,2010-12-15,4.6,0.86603,-0.5,44
29.857,-81.265,2010-12-16,5.1,-0.98481,0.17365,44
29.857,-81.265,2010-12-17,10.3,-1.0,0.0,44
29.857,-81.265,2010-12-18,4.1,-0.98481,0.17365,44
29.857,-81.265,2010-12-19,10.3,0.98481,-0.17365,44
29.857,-81.265,2010-12-20,7.2,1.0,0.0,44
29.857,-81.265,2010-12-21,2.6,0.17365,0.98481,44
29.857,-81.265,2010-12-22,4.6,-0.76604,-0.64279,44
29.857,-81.265,2010-12-23,9.8,0.0,-1.0,44
29.857,-81.265,2010-12-24,7.2,0.93969,0.34202,44
29.857,-81.265,2010-12-25,2.6,0.0,1.0,44
29.857,-81.265,2010-12-26,7.2,0.93969,0.34202,44
29.857,-81.265,2010-12-27,13.9,0.93969,-0.34202,44
29.857,-81.265,2010-12-28,8.7,0.64279,-0.76604,44
29.857,-81.265,2010-12-29,6.2,0.34202,-0.93969,44
29.857,-81.265,2010-12-30,3.1,-0.34202,0.93969,44
30.1889,-90.1683,2010-12-01,8.2,0.64279,-0.76604,46
30.1889,-90.1683,2010-12-02,3.1,-0.17365,-0.98481,46
30.1889,-90.1683,2010-12-03,3.1,-0.86603,0.5,46
30.1889,-90.1683,2010-12-04,3.1,-1.0,0.0,46
30.1889,-90.1683,2010-12-05,3.6,-0.34202,-0.93969,46
30.1889,-90.1683,2010-12-06,6.2,0.93969,-0.34202,46
30.1889,-90.1683,2010-12-07,4.1,0.93969,-0.34202,46
30.1889,-90.1683,2010-12-08,2.6,-0.86603,0.5,46
30.1889,-90.1683,2010-12-09,4.6,0.98481,0.17365,46
30.1889,-90.1683,2010-12-10,3.6,-0.34202,0.93969,46
30.1889,-90.1683,2010-12-21,5.1,-0.86603,-0.5,46
30.1889,-90.1683,2010-12-22,5.1,-0.86603,-0.5,46
30.1889,-90.1683,2010-12-27,2.6,-0.98481,0.17365,46
30.1889,-90.1683,2010-12-28,2.1,-0.98481,0.17365,46
30.1889,-90.1683,2010-12-29,3.1,-0.17365,0.98481,46
30.1889,-90.1683,2010-12-30,8.2,-0.64279,0.76604,46
30.2513,-88.0778,2010-12-01,7.06,0.56928,-0.82214,47
30.2513,-88.0778,2010-12-02,4.04,0.84526,-0.53435,47
30.2513,-88.0778,2010-12-03,0.56,0.06105,-0.99813,47
30.2513,-88.0778,2010-12-04,2.1,-0.4368,-0.89956,47
30.2513,-88.0778,2010-12-05,3.52,-0.60182,-0.79864,47
30.2513,-88.0778,2010-12-06,9.1,0.96174,-0.27396,47
30.2513,-88.0778,2010-12-07,7.47,0.69466,-0.71934,47
30.2513,-88.0778,2010-12-08,1.71,-0.3173,-0.94832,47
30.2513,-88.0778,2010-12-09,7.43,0.98294,-0.18395,47
30.2513,-88.0778,2010-12-10,1.16,-0.99966,0.02618,47
30.2513,-88.0778,2010-12-11,2.51,-0.0802,0.99678,47
30.2513,-88.0778,2010-12-12,3.17,-0.99556,-0.09411,47
30.2513,-88.0778,2010-12-13,11.27,0.69842,-0.71569,47
30.2513,-88.0778,2010-12-14,8.55,0.82511,-0.56497,47
30.2513,-88.0778,2010-12-15,0.58,0.12706,-0.99189,47
30.2513,-88.0778,2010-12-16,4.11,-0.96029,0.27899,47
30.2513,-88.0778,2010-12-17,1.77,-0.7694,-0.63877,47
30.2513,-88.0778,2010-12-18,7.42,0.97876,0.20501,47
30.2513,-88.0778,2010-12-19,5.84,0.8669,-0.49849,47
30.2513,-88.0778,2010-12-20,4.12,0.99641,0.08467,47
30.2513,-88.0778,2010-12-21,4.14,-0.60321,0.79758,47
30.2513,-88.0778,2010-12-22,1.23,-0.82413,-0.56641,47
30.2513,-88.0778,2010-12-23,3.88,0.22495,-0.97437,47
30.2513,-88.0778,2010-12-24,7.1,0.92971,0.36829,47
30.2513,-88.0778,2010-12-25,3.17,0.15299,0.98823,47
30.2513,-88.0778,2010-12-26,15.24,0.94206,-0.33545,47
30.2513,-88.0778,2010-12-27,8.28,0.89415,-0.44776,47
30.2513,-88.0778,2010-12-28,1.33,-0.07672,-0.99705,47
30.2513,-88.0778,2010-12-29,0.44,0.99978,-0.02094,47
30.2513,-88.0778,2010-12-30,5.1,-0.1288,0.99167,47
30.6671,-87.9365,2010-12-02,2.23,0.70834,-0.70587,49
30.6671,-87.9365,2010-12-03,3.59,-0.83772,-0.5461,49
30.6671,-87.9365,2010-12-04,4.23,-0.79229,-0.61015,49
30.6671,-87.9365,2010-12-05,4.47,-0.5807,-0.81412,49
30.6671,-87.9365,2010-12-06,3.52,0.97196,-0.23514,49
30.6671,-87.9365,2010-12-07,2.12,0.77934,-0.6266,49
30.6671,-87.9365,2010-12-08,2.83,-0.79864,-0.60182,49
30.6671,-87.9365,2010-12-09,4.01,0.99515,0.09835,49
30.6671,-87.9365,2010-12-10,0.55,0.03316,0.99945,49
30.6671,-87.9365,2010-12-11,1.6,-0.24023,0.97072,49
30.6671,-87.9365,2010-12-12,4.83,-0.99919,0.04013,49
30.6671,-87.9365,2010-12-13,6.58,0.83389,-0.55194,49
30.6671,-87.9365,2010-12-14,2.68,0.94206,-0.33545,49
30.6671,-87.9365,2010-12-15,0.8,-0.07498,0.99719,49
30.6671,-87.9365,2010-12-16,6.61,-0.98769,0.15643,49
30.6671,-87.9365,2010-12-17,4.65,-0.9703,0.24192,49
30.6671,-87.9365,2010-12-18,4.41,0.99625,0.08656,49
30.6671,-87.9365,2010-12-19,2.48,0.99961,-0.02792,49
30.6671,-87.9365,2010-12-20,0.52,0.7394,0.67327,49
30.6671,-87.9365,2010-12-21,2.33,-0.53583,0.84433,49
30.6671,-87.9365,2010-12-22,3.89,-0.97887,0.2045,49
30.6671,-87.9365,2010-12-23,3.46,0.93544,-0.35347,49
30.6671,-87.9365,2010-12-24,1.76,0.88097,0.47317,49
30.6671,-87.9365,2010-12-25,0.89,-0.23514,0.97196,49
30.6671,-87.9365,2010-12-26,7.6,0.96638,-0.25713,49
30.6671,-87.9365,2010-12-27,3.9,0.78908,-0.61429,49
30.6671,-87.9365,2010-12-28,1.09,0.94854,0.31664,49
30.6671,-87.9365,2010-12-29,1.95,-0.95832,0.28569,49
30.6671,-87.9365,2010-12-30,3.78,-0.15816,0.98741,49
30.6671,-87.9365,2010-12-31,5.91,-0.64279,0.76604,49
30.06,-84.291,2010-12-01,6.7,-0.98481,-0.17365,45
30.06,-84.291,2010-12-02,1.5,0.86603,-0.5,45
30.06,-84.291,2010-12-03,2.1,0.93969,-0.34202,45
30.06,-84.291,2010-12-04,3.1,-0.64279,-0.76604,45
30.06,-84.291,2010-12-05,4.1,-0.64279,-0.76604,45
30.06,-84.291,2010-12-06,4.1,0.98481,-0.17365,45
30.06,-84.291,2010-12-07,2.6,0.76604,-0.64279,45
30.06,-84.291,2010-12-08,1.5,0.76604,-0.64279,45
30.06,-84.291,2010-12-09,3.6,1.0,0.0,45
30.06,-84.291,2010-12-10,1.5,0.98481,0.17365,45
30.06,-84.291,2010-12-11,2.1,0.98481,-0.17365,45
30.06,-84.291,2010-12-12,1.0,-0.17365,0.98481,45
30.06,-84.291,2010-12-13,7.2,0.76604,-0.64279,45
30.06,-84.291,2010-12-14,3.6,0.86603,-0.5,45
30.06,-84.291,2010-12-15,2.1,0.93969,-0.34202,45
30.06,-84.291,2010-12-16,4.1,-0.64279,0.76604,45
30.06,-84.291,2010-12-17,3.1,0.0,1.0,45
30.06,-84.291,2010-12-18,1.0,0.5,0.86603,45
30.06,-84.291,2010-12-19,4.1,1.0,0.0,45
30.06,-84.291,2010-12-20,1.5,0.98481,0.17365,45
30.06,-84.291,2010-12-21,2.6,-0.5,-0.86603,45
30.06,-84.291,2010-12-22,2.6,-0.93969,-0.34202,45
30.06,-84.291,2010-12-23,3.1,0.0,-1.0,45
30.06,-84.291,2010-12-24,2.1,1.0,0.0,45
30.06,-84.291,2010-12-25,1.0,0.5,-0.86603,45
30.06,-84.291,2010-12-26,2.6,0.86603,0.5,45
30.06,-84.291,2010-12-27,5.1,0.86603,-0.5,45
30.06,-84.291,2010-12-28,2.1,0.86603,-0.5,45
30.06,-84.291,2010-12-29,3.6,-0.76604,-0.64279,45
30.06,-84.291,2010-12-30,1.0,-0.17365,0.98481,45
